Time,Stock_ID,Volume,Open,High,Low,Close,Foreign_Net_Volume,Domestic_Net_Volume,Net_Margin
2016-01-04,8240,38.0,19.95,19.95,19.55,19.8,0.0,0.0,-3.0
2016-01-05,8240,38.0,19.7,19.7,19.1,19.2,2.0,0.0,0.0
2016-01-06,8240,38.0,19.35,19.45,18.7,18.75,0.0,0.0,-2.0
2016-01-07,8240,64.0,18.8,18.8,18.0,18.65,-1.0,0.0,-6.0
2016-01-08,8240,36.0,18.9,18.9,18.2,18.7,0.0,0.0,13.0
2016-01-11,8240,19.0,18.6,18.6,18.0,18.6,0.0,0.0,6.0
2016-01-12,8240,19.0,18.0,18.5,18.0,18.45,0.0,0.0,2.0
2016-01-13,8240,66.0,18.8,18.8,17.9,18.4,-1.0,0.0,24.0
2016-01-14,8240,74.0,18.6,18.6,17.2,18.0,0.0,0.0,-24.0
2016-01-15,8240,21.0,18.25,18.25,17.7,17.8,0.0,0.0,-1.0
2016-01-18,8240,17.0,17.7,18.35,17.65,18.3,0.0,0.0,-3.0
2016-01-19,8240,16.0,18.4,18.4,18.05,18.2,0.0,0.0,-2.0
2016-01-20,8240,10.0,18.5,18.5,17.8,17.9,0.0,0.0,5.0
2016-01-21,8240,24.0,18.2,18.2,17.75,18.15,0.0,0.0,2.0
2016-01-22,8240,23.0,18.2,18.2,17.7,18.2,0.0,0.0,-1.0
2016-01-25,8240,44.0,17.75,18.25,17.7,18.25,1.0,0.0,17.0
2016-01-26,8240,4.0,18.3,18.3,17.8,17.8,0.0,0.0,0.0
2016-01-27,8240,62.0,18.15,18.2,18.0,18.2,37.0,0.0,-5.0
2016-01-28,8240,46.0,18.3,18.5,18.0,18.4,4.0,0.0,16.0
2016-01-29,8240,36.0,18.75,18.75,18.15,18.4,0.0,0.0,10.0
2016-01-30,8240,20.0,18.45,18.55,18.35,18.4,0.0,0.0,2.0
2016-02-01,8240,9.0,18.45,18.45,18.25,18.25,0.0,0.0,1.0
2016-02-02,8240,44.0,18.4,18.9,18.25,18.5,16.0,0.0,-4.0
2016-02-03,8240,24.0,18.8,18.8,18.3,18.55,0.0,0.0,-1.0
2016-02-15,8240,63.0,18.55,19.4,18.25,18.9,22.0,0.0,-2.0
2016-02-16,8240,48.0,18.9,19.2,18.7,19.0,0.0,0.0,5.0
2016-02-17,8240,162.0,19.35,19.35,18.25,18.4,47.0,0.0,-80.0
2016-02-18,8240,82.0,18.5,18.95,18.5,18.9,0.0,0.0,7.0
2016-02-19,8240,38.0,18.9,19.0,18.6,18.95,0.0,0.0,-2.0
2016-02-22,8240,31.0,19.0,19.1,18.65,19.1,0.0,0.0,2.0
2016-02-23,8240,140.0,19.15,19.5,19.1,19.3,26.0,0.0,0.0
2016-02-24,8240,29.0,19.5,19.5,19.15,19.45,0.0,0.0,1.0
2016-02-25,8240,56.0,19.5,19.7,19.4,19.55,0.0,0.0,-7.0
2016-02-26,8240,227.0,21.45,21.5,20.0,20.4,-28.67,0.0,73.0
2016-03-01,8240,62.0,20.4,20.8,20.3,20.4,0.0,0.0,-6.0
2016-03-02,8240,157.0,20.6,20.8,19.8,19.85,0.0,0.0,-37.0
2016-03-03,8240,88.0,19.85,20.35,19.85,20.05,0.0,0.0,-1.0
2016-03-04,8240,55.0,20.3,20.4,19.9,20.3,0.0,0.0,-4.0
2016-03-07,8240,64.0,20.4,20.4,20.0,20.3,0.0,0.0,-3.0
2016-03-08,8240,60.0,20.55,20.55,20.0,20.2,0.0,0.0,7.0
2016-03-09,8240,148.0,20.25,20.4,20.0,20.25,-2.0,0.0,32.0
2016-03-10,8240,28.0,20.3,20.3,20.05,20.2,0.0,0.0,2.0
2016-03-11,8240,32.0,20.15,20.2,19.85,20.0,0.0,0.0,13.0
2016-03-14,8240,49.0,20.2,20.25,19.95,20.1,0.0,0.0,-8.0
2016-03-15,8240,27.0,20.15,20.15,19.5,19.9,0.0,0.0,-2.0
2016-03-16,8240,83.0,19.9,20.0,19.55,19.9,0.0,0.0,1.0
2016-03-17,8240,54.0,19.75,20.05,19.75,19.95,0.0,0.0,-10.0
2016-03-18,8240,14.0,20.05,20.05,19.65,19.9,0.0,0.0,2.0
2016-03-21,8240,134.0,19.95,20.05,19.4,19.5,0.0,0.0,10.0
2016-03-22,8240,29.0,19.55,19.7,19.35,19.5,0.0,0.0,4.0
2016-03-23,8240,47.0,19.65,19.75,19.4,19.4,0.0,0.0,-3.0
2016-03-24,8240,60.0,19.5,19.5,19.25,19.5,0.0,0.0,27.0
2016-03-25,8240,24.0,19.5,19.6,19.4,19.55,0.0,0.0,-3.0
2016-03-28,8240,19.0,19.5,19.5,19.25,19.4,0.0,0.0,0.0
2016-03-29,8240,52.0,19.4,19.4,19.1,19.1,11.0,0.0,-6.0
2016-03-30,8240,107.0,19.1,19.5,19.1,19.5,48.0,0.0,-23.0
2016-03-31,8240,60.0,19.6,19.8,19.4,19.8,0.0,0.0,16.0
2016-04-01,8240,38.0,19.8,19.9,19.6,19.75,0.0,0.0,-16.0
2016-04-06,8240,7.0,19.7,19.75,19.4,19.75,0.0,0.0,-1.0
2016-04-07,8240,52.0,19.65,19.65,19.35,19.55,0.0,0.0,-2.0
2016-04-08,8240,32.0,19.85,19.85,19.35,19.5,0.0,0.0,-13.0
2016-04-11,8240,164.0,19.5,19.65,19.1,19.1,69.0,0.0,-14.0
2016-04-12,8240,88.0,19.4,19.4,18.8,18.8,-4.0,0.0,-36.0
2016-04-13,8240,44.0,19.1,19.35,18.9,18.9,-3.0,0.0,-6.0
2016-04-14,8240,37.0,19.25,19.25,18.9,18.9,0.0,0.0,5.0
2016-04-15,8240,36.0,19.1,19.1,18.85,19.05,6.0,0.0,-19.0
2016-04-18,8240,22.0,19.05,19.15,18.9,19.15,0.0,0.0,-2.0
2016-04-19,8240,36.0,19.15,19.3,19.05,19.25,0.0,0.0,-19.0
2016-04-20,8240,84.0,19.3,19.3,18.8,18.8,-6.0,0.0,-31.0
2016-04-21,8240,43.0,18.9,18.9,18.7,18.75,0.0,0.0,-22.0
2016-04-22,8240,23.0,18.5,18.85,18.5,18.5,0.0,0.0,-4.0
2016-04-25,8240,27.0,18.65,18.65,18.35,18.45,0.0,0.0,-3.0
2016-04-26,8240,6.0,18.6,18.85,18.45,18.65,0.0,0.0,1.0
2016-04-27,8240,14.0,18.65,18.65,18.3,18.55,0.0,0.0,-3.0
2016-04-28,8240,14.0,18.8,18.8,18.3,18.45,0.0,0.0,1.0
2016-04-29,8240,18.0,18.65,18.65,18.2,18.4,0.0,0.0,-3.0
2016-05-03,8240,12.0,18.6,18.6,18.15,18.2,1.0,0.0,-2.0
2016-05-04,8240,24.0,18.4,18.4,17.8,18.1,1.0,0.0,-11.0
2016-05-05,8240,18.0,18.1,18.2,18.0,18.2,0.0,0.0,5.0
2016-05-06,8240,53.0,18.2,18.2,17.5,17.95,2.0,0.0,-1.0
2016-05-09,8240,28.0,18.1,18.1,17.55,17.8,3.0,0.0,-8.0
2016-05-10,8240,14.0,17.85,18.2,17.85,18.15,0.0,0.0,-2.0
2016-05-11,8240,19.0,18.15,18.15,17.65,17.65,1.0,0.0,-2.0
2016-05-12,8240,21.0,18.0,18.0,17.5,17.95,0.0,0.0,9.0
2016-05-13,8240,34.0,18.0,18.0,17.2,17.3,1.0,0.0,6.0
2016-05-16,8240,55.0,17.75,17.75,16.9,17.15,2.0,0.0,25.0
2016-05-17,8240,25.0,17.0,17.1,16.95,17.0,0.0,0.0,10.0
2016-05-18,8240,124.0,17.0,17.25,17.0,17.2,65.0,0.0,-3.0
2016-05-19,8240,40.0,17.2,18.55,17.2,17.3,0.0,0.0,8.0
2016-05-20,8240,19.0,17.6,17.6,17.1,17.4,0.0,0.0,-3.0
2016-05-23,8240,17.0,17.55,18.3,17.55,17.95,0.0,0.0,-6.0
2016-05-24,8240,23.0,18.0,18.0,17.45,17.6,0.0,0.0,10.0
2016-05-25,8240,48.0,17.75,17.85,17.6,17.7,0.0,0.0,16.0
2016-05-26,8240,30.0,17.95,17.95,17.7,17.95,0.0,0.0,0.0
2016-05-27,8240,27.0,18.0,18.0,17.7,17.85,0.0,0.0,-3.0
2016-05-30,8240,10.0,17.85,17.9,17.85,17.85,0.0,0.0,-6.0
2016-05-31,8240,30.0,17.75,18.2,17.75,18.2,0.0,0.0,6.0
2016-06-01,8240,38.0,18.1,18.45,18.1,18.45,2.0,0.0,26.0
2016-06-02,8240,2.0,18.4,18.4,18.3,18.3,-1.0,0.0,-1.0
2016-06-03,8240,5.0,18.0,18.25,17.85,17.85,0.0,0.0,0.0
2016-06-04,8240,11.0,18.0,18.0,17.7,17.8,0.0,0.0,2.0
2016-06-06,8240,27.0,18.0,18.0,17.45,17.45,-1.0,0.0,5.0
2016-06-07,8240,14.0,17.7,17.75,17.5,17.5,0.0,0.0,2.0
2016-06-08,8240,33.0,17.65,17.9,17.4,17.9,0.0,0.0,7.0
2016-06-13,8240,13.0,17.9,17.9,17.5,17.75,0.0,0.0,2.0
2016-06-14,8240,3.0,17.8,17.8,17.6,17.6,0.0,0.0,0.0
2016-06-15,8240,29.0,17.8,18.4,17.6,18.0,0.0,0.0,3.0
2016-06-16,8240,3.0,17.8,17.8,17.7,17.7,0.0,0.0,1.0
2016-06-17,8240,61.0,18.0,18.0,17.6,17.6,-0.02,0.0,3.0
2016-06-20,8240,18.0,17.6,17.85,17.6,17.75,0.0,0.0,0.0
2016-06-21,8240,35.0,17.9,17.9,17.55,17.6,0.0,0.0,13.0
2016-06-22,8240,17.0,17.6,17.8,17.6,17.8,0.0,0.0,10.0
2016-06-23,8240,40.0,17.6,18.95,17.6,18.1,0.0,0.0,5.0
2016-06-24,8240,40.0,18.15,18.15,17.3,17.6,0.0,0.0,10.0
2016-06-27,8240,15.0,17.65,17.75,17.5,17.65,-1.0,0.0,-11.0
2016-06-28,8240,8.0,17.9,17.9,17.6,17.6,0.0,0.0,1.0
2016-06-29,8240,27.0,17.7,17.7,17.6,17.6,0.0,0.0,-1.0
2016-06-30,8240,30.0,17.7,17.8,17.55,17.7,0.0,0.0,6.0
2016-07-01,8240,74.0,17.7,18.0,17.6,18.0,0.0,0.0,3.0
2016-07-04,8240,52.0,17.95,18.3,17.8,18.05,0.0,0.0,0.0
2016-07-05,8240,39.0,18.05,18.2,17.75,17.95,0.0,0.0,7.0
2016-07-06,8240,24.0,17.95,18.0,17.8,17.9,0.0,0.0,2.0
2016-07-07,8240,68.0,17.85,17.9,17.55,17.55,0.0,0.0,4.0
2016-07-11,8240,157.0,17.6,17.6,17.05,17.05,0.0,0.0,20.0
2016-07-12,8240,176.0,17.0,17.6,17.0,17.2,23.0,0.0,-10.0
2016-07-13,8240,32.0,17.2,17.55,17.2,17.2,0.0,0.0,-5.0
2016-07-14,8240,38.0,17.45,17.5,17.3,17.3,-1.0,0.0,-3.0
2016-07-15,8240,92.0,17.45,17.45,17.1,17.15,0.0,0.0,39.0
2016-07-18,8240,80.0,17.3,17.6,17.3,17.6,2.0,0.0,-30.0
2016-07-19,8240,60.0,17.7,17.75,17.5,17.6,-1.0,0.0,-11.0
2016-07-20,8240,56.0,17.75,17.8,17.6,17.65,0.0,0.0,-10.0
2016-07-21,8240,93.0,17.75,18.4,17.65,18.0,-1.0,0.0,0.0
2016-07-22,8240,60.0,18.3,18.3,18.1,18.1,0.0,0.0,-2.0
2016-07-25,8240,746.0,19.9,19.9,19.9,19.9,0.0,0.0,235.0
2016-07-26,8240,2061.0,20.5,21.85,20.0,21.85,-26.0,0.0,121.0
2016-07-27,8240,947.0,22.1,22.45,20.85,21.05,-10.0,0.0,-63.0
2016-07-28,8240,579.0,21.7,21.85,20.9,21.05,-2.0,0.0,-73.0
2016-07-29,8240,1716.0,21.55,22.75,21.2,21.3,3.0,0.0,34.0
2016-08-01,8240,451.0,21.05,21.65,20.6,20.9,13.0,0.0,5.0
2016-08-02,8240,380.0,21.45,22.1,21.2,21.2,-16.0,0.0,81.0
2016-08-03,8240,221.0,21.2,21.6,21.05,21.2,11.0,0.0,-14.0
2016-08-04,8240,324.0,21.5,21.7,20.9,20.9,-11.0,0.0,36.0
2016-08-05,8240,238.0,20.8,21.45,20.8,21.1,3.0,0.0,25.0
2016-08-08,8240,276.0,21.35,21.45,20.8,20.9,0.0,0.0,-94.0
2016-08-09,8240,189.0,20.9,21.2,20.6,20.6,0.0,0.0,-31.0
2016-08-10,8240,305.0,20.3,20.5,20.1,20.2,0.0,0.0,-38.0
2016-08-11,8240,254.0,20.0,20.1,19.05,19.15,-2.0,0.0,-26.0
2016-08-12,8240,230.0,18.9,19.2,18.85,18.95,-1.0,0.0,4.0
2016-08-15,8240,301.0,18.2,18.5,18.1,18.15,6.0,0.0,-34.0
2016-08-16,8240,209.0,18.1,18.35,17.9,18.2,0.0,0.0,-112.0
2016-08-17,8240,141.0,18.15,18.6,18.15,18.5,2.0,0.0,-2.0
2016-08-18,8240,131.0,18.35,19.0,18.3,18.7,-1.0,0.0,7.0
2016-08-19,8240,118.0,18.7,18.7,18.45,18.5,0.0,0.0,-58.0
2016-08-22,8240,67.0,18.7,18.75,18.35,18.45,0.0,0.0,-7.0
2016-08-23,8240,42.0,18.5,18.6,18.4,18.45,0.0,0.0,-7.0
2016-08-24,8240,27.0,18.45,18.55,18.4,18.5,0.0,0.0,-9.0
2016-08-25,8240,106.0,18.7,18.85,18.5,18.85,0.0,0.0,0.0
2016-08-26,8240,83.0,18.9,18.9,18.55,18.6,0.0,0.0,-19.0
2016-08-29,8240,77.0,18.6,18.6,18.45,18.6,0.0,0.0,-22.0
2016-08-30,8240,152.0,18.55,18.6,18.45,18.5,-36.0,0.0,-10.0
2016-08-31,8240,45.0,18.45,18.5,18.3,18.3,-4.0,0.0,-6.0
2016-09-01,8240,45.0,18.4,18.45,18.35,18.4,0.0,0.0,2.0
2016-09-02,8240,101.0,18.45,18.6,18.0,18.0,0.0,0.0,-1.0
2016-09-05,8240,25.0,18.05,18.2,18.0,18.2,1.0,0.0,6.0
2016-09-06,8240,14.0,18.3,18.3,18.25,18.3,0.0,0.0,0.0
2016-09-07,8240,83.0,18.5,18.7,18.5,18.6,-4.0,0.0,-3.0
2016-09-08,8240,35.0,18.7,18.75,18.45,18.55,0.0,0.0,1.0
2016-09-09,8240,121.0,18.5,18.95,18.5,18.9,0.0,0.0,29.0
2016-09-10,8240,233.0,19.25,19.85,18.65,19.8,0.0,0.0,-1.0
2016-09-12,8240,112.0,19.85,19.9,19.35,19.5,0.0,0.0,-9.0
2016-09-13,8240,52.0,19.7,19.7,19.2,19.35,0.0,0.0,1.0
2016-09-14,8240,82.0,19.2,19.75,18.9,19.15,0.0,0.0,-7.0
2016-09-19,8240,14.0,19.35,19.35,19.1,19.25,0.0,0.0,-4.0
2016-09-20,8240,33.0,19.05,19.1,19.0,19.0,0.0,0.0,2.0
2016-09-21,8240,44.0,19.0,19.2,18.95,19.15,1.0,0.0,-10.0
2016-09-22,8240,50.0,19.15,19.35,19.1,19.1,0.0,0.0,-10.0
2016-09-23,8240,49.0,19.2,19.25,19.05,19.1,0.0,0.0,5.0
2016-09-26,8240,48.0,19.1,19.1,19.05,19.1,0.0,0.0,0.0
2016-09-29,8240,77.0,19.15,19.3,19.15,19.25,0.0,0.0,3.0
2016-09-30,8240,69.0,19.3,19.65,19.3,19.4,0.0,0.0,-1.0
2016-10-03,8240,378.0,20.0,21.3,20.0,21.3,-1.0,0.0,116.0
2016-10-04,8240,1955.0,22.5,23.4,21.7,21.85,0.0,0.0,185.0
2016-10-05,8240,416.0,21.3,22.2,21.3,21.6,1.0,0.0,-2.0
2016-10-06,8240,366.0,22.0,22.45,21.6,21.8,-1.0,0.0,81.0
2016-10-07,8240,400.0,21.9,22.2,20.8,20.9,0.0,0.0,-99.0
2016-10-11,8240,251.0,21.1,21.2,19.75,19.95,0.0,0.0,-72.0
2016-10-12,8240,135.0,19.5,20.7,19.5,20.35,41.0,0.0,-22.0
2016-10-13,8240,76.0,20.15,20.35,20.0,20.1,0.0,0.0,-8.0
2016-10-14,8240,220.0,20.05,20.05,19.35,19.4,-4.0,0.0,-98.0
2016-10-17,8240,58.0,19.4,19.6,19.2,19.6,1.0,0.0,7.0
2016-10-18,8240,75.0,19.45,20.2,19.4,19.95,-5.0,0.0,-3.0
2016-10-19,8240,46.0,19.85,19.9,19.75,19.8,-1.0,0.0,-12.0
2016-10-20,8240,118.0,19.9,20.15,19.8,19.9,-9.0,0.0,-80.0
2016-10-21,8240,73.0,20.15,20.4,19.95,19.95,2.0,0.0,-6.0
2016-10-24,8240,82.0,20.35,20.35,19.7,19.8,-1.0,0.0,-8.0
2016-10-25,8240,17.0,20.0,20.0,19.8,19.8,0.0,0.0,-11.0
2016-10-26,8240,39.0,20.25,20.25,19.85,20.0,0.0,0.0,-8.0
2016-10-27,8240,34.0,20.45,20.45,19.9,20.0,0.0,0.0,-7.0
2016-10-28,8240,57.0,20.0,20.3,19.8,20.05,0.0,0.0,-21.0
2016-10-31,8240,90.0,20.3,20.3,19.65,19.65,0.0,0.0,8.0
2016-11-01,8240,65.0,19.65,19.65,19.4,19.4,0.0,0.0,0.0
2016-11-02,8240,156.0,19.2,19.2,18.85,18.9,0.0,0.0,3.0
2016-11-03,8240,19.0,18.65,19.0,18.65,19.0,0.0,0.0,-4.0
2016-11-04,8240,31.0,18.8,19.0,18.7,18.75,0.0,0.0,-12.0
2016-11-07,8240,18.0,18.75,18.9,18.7,18.75,0.0,0.0,1.0
2016-11-08,8240,14.0,18.75,18.85,18.7,18.7,0.0,0.0,0.0
2016-11-09,8240,163.0,18.7,18.7,17.8,17.8,-24.0,0.0,-14.0
2016-11-10,8240,60.0,18.35,18.45,17.95,17.95,-3.99,0.0,-3.0
2016-11-11,8240,40.0,17.85,18.1,17.7,17.95,0.0,0.0,-5.0
2016-11-14,8240,186.0,16.6,17.25,16.6,17.0,7.0,0.0,-21.0
2016-11-15,8240,12.0,17.05,17.2,17.0,17.1,0.0,0.0,2.0
2016-11-16,8240,42.0,17.05,17.05,16.9,17.0,0.0,0.0,13.0
2016-11-17,8240,42.0,16.8,16.95,16.7,16.95,0.0,0.0,-6.0
2016-11-18,8240,96.0,16.9,17.05,16.9,17.05,1.0,0.0,7.0
2016-11-21,8240,29.0,17.05,17.25,17.05,17.1,0.0,0.0,2.0
2016-11-22,8240,22.0,17.2,17.5,17.15,17.5,5.0,0.0,-1.0
2016-11-23,8240,29.0,17.45,17.5,17.3,17.4,-5.0,0.0,-6.0
2016-11-24,8240,39.0,17.3,17.5,17.15,17.4,16.0,0.0,-4.0
2016-11-25,8240,92.0,17.5,18.5,17.5,18.0,2.0,0.0,-14.0
2016-11-28,8240,74.0,18.2,18.7,18.15,18.5,-4.0,0.0,8.0
2016-11-29,8240,47.0,18.7,18.7,18.2,18.4,10.0,0.0,-2.0
2016-11-30,8240,54.0,18.4,18.55,18.2,18.2,-14.0,0.0,11.0
2016-12-01,8240,116.0,18.05,18.4,18.05,18.35,-67.0,0.0,-6.0
2016-12-02,8240,14.0,18.45,18.45,18.2,18.35,8.0,0.0,-5.0
2016-12-05,8240,3.0,18.2,18.45,18.2,18.45,2.0,0.0,0.0
2016-12-06,8240,8.0,18.5,18.55,18.2,18.2,0.0,0.0,2.0
2016-12-07,8240,29.0,18.35,18.35,17.85,17.85,-8.0,0.0,1.0
2016-12-08,8240,43.0,17.8,18.0,17.6,18.0,0.0,0.0,5.0
2016-12-09,8240,27.0,17.95,17.95,17.65,17.8,0.0,0.0,-17.0
2016-12-12,8240,20.0,17.8,17.9,17.75,17.75,-1.0,0.0,-7.0
2016-12-13,8240,47.0,17.85,18.0,17.85,18.0,41.0,0.0,3.0
2016-12-14,8240,28.0,18.15,18.2,18.05,18.15,10.0,0.0,-10.0
2016-12-15,8240,32.0,18.15,18.2,18.0,18.2,-1.0,0.0,-5.0
2016-12-16,8240,30.0,18.05,18.2,18.05,18.1,0.0,0.0,2.0
2016-12-19,8240,22.0,18.0,18.0,17.7,17.85,0.0,0.0,-4.0
2016-12-20,8240,8.0,18.0,18.0,17.7,17.75,0.0,0.0,-3.0
2016-12-21,8240,9.0,17.95,18.0,17.8,17.8,0.0,0.0,-2.0
2016-12-22,8240,24.0,17.8,18.0,17.55,17.55,0.0,0.0,7.0
2016-12-23,8240,18.0,17.55,17.9,17.55,17.9,0.0,0.0,2.0
2016-12-26,8240,11.0,17.9,17.9,17.8,17.8,-1.0,0.0,0.0
2016-12-27,8240,10.0,17.8,17.8,17.6,17.65,0.0,0.0,-2.0
2016-12-28,8240,57.0,17.7,17.7,17.5,17.5,0.0,0.0,-23.0
2016-12-29,8240,29.0,17.85,17.9,17.5,17.5,-2.0,0.0,12.0
2016-12-30,8240,46.0,17.65,17.75,17.6,17.6,0.0,0.0,4.0
2017-01-03,8240,44.0,17.6,17.7,17.45,17.7,0.0,0.0,21.0
2017-01-04,8240,752.0,17.7,19.45,17.7,19.45,110.0,0.0,80.0
2017-01-05,8240,1319.0,19.65,21.1,19.15,20.4,-19.0,0.0,64.0
2017-01-06,8240,410.0,20.4,20.4,19.6,19.6,-5.0,0.0,52.0
2017-01-09,8240,162.0,19.65,19.95,19.55,19.55,-5.0,0.0,1.0
2017-01-10,8240,145.0,19.55,19.55,18.9,19.05,-1.0,0.0,6.0
2017-01-11,8240,108.0,19.05,19.05,18.7,18.85,-9.0,0.0,7.0
2017-01-12,8240,149.0,18.8,19.3,18.8,19.05,0.0,0.0,-29.0
2017-01-13,8240,126.0,19.0,19.1,18.85,18.9,0.0,0.0,6.0
2017-01-16,8240,465.0,18.5,18.65,17.7,18.65,2.0,0.0,-49.0
2017-01-17,8240,157.0,18.6,19.4,18.6,18.85,-7.0,0.0,4.0
2017-01-18,8240,74.0,18.85,19.0,18.7,18.7,0.0,0.0,5.0
2017-01-19,8240,182.0,18.75,18.75,18.25,18.55,0.0,0.0,-5.0
2017-01-20,8240,66.0,18.4,19.0,18.4,18.8,0.0,0.0,-18.0
2017-01-23,8240,92.0,18.9,19.0,18.5,18.65,0.0,0.0,13.0
2017-01-24,8240,57.0,18.65,18.85,18.45,18.55,-1.0,0.0,-1.0
2017-02-02,8240,106.0,18.55,19.3,18.4,18.85,0.0,0.0,-10.0
2017-02-03,8240,64.0,18.9,19.15,18.85,19.15,0.0,0.0,-14.0
2017-02-06,8240,456.0,19.2,20.05,19.2,19.9,-8.0,0.0,52.0
2017-02-07,8240,122.0,20.1,20.2,19.6,19.85,-1.0,0.0,-13.0
2017-02-08,8240,111.0,19.95,20.0,19.6,19.95,-3.0,0.0,10.0
2017-02-09,8240,2218.0,20.0,21.9,20.0,21.9,203.0,0.0,253.0
2017-02-10,8240,884.0,22.0,22.0,20.8,20.8,-49.0,0.0,-117.0
2017-02-13,8240,387.0,20.8,20.8,20.1,20.8,-14.0,0.0,-18.0
2017-02-14,8240,201.0,21.1,21.4,20.35,20.5,-25.0,0.0,1.0
2017-02-15,8240,86.0,20.3,20.65,20.25,20.55,0.0,0.0,15.0
2017-02-16,8240,127.0,20.6,20.7,20.3,20.35,-3.0,0.0,-2.0
2017-02-17,8240,1870.0,20.35,22.35,20.25,22.0,19.0,0.0,63.0
2017-02-18,8240,1149.0,22.1,23.3,22.1,22.35,0.0,0.0,-14.0
2017-02-20,8240,407.0,22.5,22.75,21.65,21.65,-102.0,0.0,-13.0
2017-02-21,8240,166.0,21.65,22.2,21.55,21.65,-2.0,0.0,-17.0
2017-02-22,8240,221.0,21.6,21.65,21.35,21.65,-23.0,0.0,-30.0
2017-02-23,8240,143.0,21.85,21.9,21.4,21.5,-12.0,0.0,-11.0
2017-02-24,8240,103.0,21.4,21.85,21.4,21.6,0.0,0.0,-8.0
2017-03-01,8240,154.0,21.6,21.8,21.2,21.3,0.0,0.0,-32.0
2017-03-02,8240,230.0,21.35,21.4,19.85,21.0,-7.0,0.0,-34.0
2017-03-03,8240,53.0,20.9,20.9,20.7,20.8,0.0,0.0,-10.0
2017-03-06,8240,781.0,20.6,22.85,20.6,22.05,-22.0,0.0,180.0
2017-03-07,8240,182.0,22.1,22.6,21.55,22.0,-7.0,0.0,-13.0
2017-03-08,8240,148.0,22.3,22.3,21.65,21.8,-2.0,0.0,-12.0
2017-03-09,8240,103.0,21.65,21.8,21.6,21.65,0.0,0.0,15.0
2017-03-10,8240,75.0,21.75,21.8,21.45,21.6,-1.0,0.0,-4.0
2017-03-13,8240,86.0,21.95,22.1,21.6,22.0,0.0,0.0,7.0
2017-03-14,8240,175.0,22.25,22.3,21.6,21.75,0.0,0.0,36.0
2017-03-15,8240,92.0,21.95,21.95,21.5,21.75,0.0,0.0,-3.0
2017-03-16,8240,120.0,21.9,22.0,21.7,21.7,0.0,0.0,-13.0
2017-03-17,8240,73.0,21.95,21.95,21.5,21.7,0.0,0.0,-3.0
2017-03-20,8240,131.0,21.7,21.7,21.2,21.2,-8.0,0.0,13.0
2017-03-21,8240,153.0,21.2,21.9,20.8,21.3,3.0,0.0,-16.0
2017-03-22,8240,119.0,20.85,20.9,20.65,20.8,6.0,0.0,0.0
2017-03-23,8240,176.0,21.0,21.0,20.6,20.6,-2.0,0.0,21.0
2017-03-24,8240,95.0,20.55,20.65,20.3,20.5,-9.0,0.0,7.0
2017-03-27,8240,95.0,20.5,20.5,20.1,20.15,-3.0,0.0,9.0
2017-03-28,8240,168.0,20.15,20.15,19.4,19.65,-35.0,0.0,1.0
2017-03-29,8240,137.0,20.0,20.1,19.4,19.5,8.0,0.0,-63.0
2017-03-30,8240,99.0,19.5,19.85,19.4,19.45,17.0,0.0,-48.0
2017-03-31,8240,45.0,19.45,19.55,19.3,19.45,1.0,0.0,3.0
2017-04-05,8240,64.0,19.9,19.9,19.25,19.4,2.0,0.0,3.0
2017-04-06,8240,45.0,19.45,19.8,19.4,19.8,0.0,0.0,3.0
2017-04-07,8240,74.0,19.8,19.8,19.3,19.65,-2.0,0.0,-6.0
2017-04-10,8240,87.0,19.6,20.1,19.4,20.0,-5.0,0.0,-3.0
2017-04-11,8240,36.0,20.15,20.15,19.6,19.6,-8.0,0.0,-1.0
2017-04-12,8240,128.0,19.8,20.5,19.7,20.2,-8.0,0.0,-9.0
2017-04-13,8240,136.0,20.5,20.75,20.0,20.0,-3.0,0.0,38.0
2017-04-14,8240,87.0,19.9,19.9,19.4,19.5,-7.0,0.0,-4.0
2017-04-17,8240,54.0,19.3,19.4,19.2,19.2,-3.0,0.0,-8.0
2017-04-18,8240,36.0,19.3,19.4,19.25,19.4,0.0,0.0,0.0
2017-04-19,8240,27.0,19.4,19.45,19.25,19.25,0.0,0.0,-1.0
2017-04-20,8240,35.0,19.25,19.35,19.25,19.35,-2.0,0.0,14.0
2017-04-21,8240,18.0,19.55,19.6,19.35,19.5,-1.0,0.0,-3.0
2017-04-24,8240,22.0,19.45,19.65,19.4,19.4,4.0,0.0,-5.0
2017-04-25,8240,23.0,19.3,19.6,19.3,19.35,0.0,0.0,-10.0
2017-04-26,8240,43.0,19.4,19.55,19.4,19.4,1.0,0.0,-13.0
2017-04-27,8240,14.0,19.4,19.55,19.4,19.5,1.0,0.0,2.0
2017-04-28,8240,71.0,19.5,20.0,19.5,19.75,3.0,0.0,15.0
2017-05-02,8240,16.0,19.75,19.75,19.6,19.6,0.0,0.0,3.0
2017-05-03,8240,41.0,19.6,19.6,19.6,19.6,1.0,0.0,24.0
2017-05-04,8240,39.0,19.6,19.6,19.4,19.5,2.0,0.0,10.0
2017-05-05,8240,26.0,19.4,19.55,19.35,19.55,0.0,0.0,1.0
2017-05-08,8240,25.0,19.65,19.65,19.2,19.2,0.0,0.0,-5.0
2017-05-09,8240,90.0,19.4,19.4,18.8,19.0,-4.0,0.0,11.0
2017-05-10,8240,128.0,18.7,19.05,18.55,18.9,0.0,0.0,27.0
2017-05-11,8240,54.0,18.95,18.95,18.6,18.8,0.0,0.0,-1.0
2017-05-12,8240,81.0,18.8,18.85,18.55,18.85,0.0,0.0,-20.0
2017-05-15,8240,60.0,19.0,19.5,19.0,19.05,-5.0,0.0,-1.0
2017-05-16,8240,93.0,19.3,19.3,19.1,19.2,2.0,0.0,10.0
2017-05-17,8240,58.0,19.35,19.5,19.2,19.5,-2.0,0.0,24.0
2017-05-18,8240,738.0,19.5,21.0,19.5,20.5,18.0,0.0,123.0
2017-05-19,8240,1598.0,20.5,21.9,20.3,21.1,6.0,0.0,7.0
2017-05-22,8240,230.0,20.8,20.95,20.5,20.7,-5.0,0.0,15.0
2017-05-23,8240,172.0,20.7,20.7,19.75,20.1,-4.0,0.0,-52.0
2017-05-24,8240,94.0,20.1,20.25,19.85,20.2,-2.0,0.0,18.0
2017-05-25,8240,75.0,20.3,20.3,20.0,20.1,3.0,0.0,-30.0
2017-05-26,8240,44.0,20.1,20.3,20.1,20.2,5.0,0.0,-6.0
2017-05-31,8240,83.0,20.2,20.2,20.0,20.1,10.0,0.0,15.0
2017-06-01,8240,57.0,20.1,20.5,20.1,20.5,12.0,0.0,11.0
2017-06-02,8240,84.0,20.5,20.6,20.5,20.55,21.0,0.0,9.0
2017-06-03,8240,77.0,20.35,20.35,20.0,20.35,0.0,0.0,-31.0
2017-06-05,8240,52.0,20.4,20.7,20.4,20.5,0.0,0.0,-2.0
2017-06-06,8240,88.0,20.5,20.7,20.3,20.4,-9.0,0.0,10.0
2017-06-07,8240,44.0,20.2,20.35,20.1,20.35,0.0,0.0,-4.0
2017-06-08,8240,27.0,20.15,20.35,20.15,20.35,0.0,0.0,5.0
2017-06-09,8240,27.0,20.15,20.35,20.15,20.35,0.0,0.0,-7.0
2017-06-12,8240,58.0,20.4,20.75,20.25,20.5,1.0,0.0,15.0
2017-06-13,8240,45.0,20.4,20.4,20.1,20.1,1.0,0.0,-11.0
2017-06-14,8240,45.0,19.9,20.35,19.9,20.35,1.0,0.0,10.0
2017-06-15,8240,47.0,20.35,20.4,20.3,20.3,0.0,0.0,22.0
2017-06-16,8240,78.0,20.4,20.65,20.35,20.65,0.0,0.0,28.0
2017-06-19,8240,195.0,20.65,21.75,20.65,21.2,2.0,0.0,43.0
2017-06-20,8240,68.0,21.2,21.2,20.65,20.95,0.0,0.0,21.0
2017-06-21,8240,21.0,20.8,20.8,20.7,20.8,0.0,0.0,-8.0
2017-06-22,8240,20.0,20.8,20.9,20.55,20.9,0.0,0.0,6.0
2017-06-23,8240,55.0,20.6,20.6,20.3,20.3,0.0,0.0,-15.0
2017-06-26,8240,64.0,20.45,20.45,20.2,20.3,1.0,0.0,-14.0
2017-06-27,8240,38.0,20.25,20.7,20.2,20.45,0.0,0.0,-2.0
2017-06-28,8240,14.0,20.55,20.55,20.3,20.45,0.0,0.0,4.0
2017-06-29,8240,96.0,20.45,20.5,20.1,20.15,0.0,0.0,0.0
2017-06-30,8240,86.0,20.15,20.3,20.1,20.3,4.0,0.0,7.0
2017-07-03,8240,44.0,20.2,20.35,20.1,20.35,0.0,0.0,10.0
2017-07-04,8240,37.0,20.2,20.2,20.15,20.15,0.0,0.0,5.0
2017-07-05,8240,16.0,20.15,20.2,20.15,20.2,0.0,0.0,5.0
2017-07-06,8240,43.0,20.15,20.2,20.1,20.2,0.0,0.0,-1.0
2017-07-07,8240,25.0,20.15,20.25,20.05,20.2,0.0,0.0,2.0
2017-07-10,8240,55.0,20.2,20.2,20.05,20.1,0.0,0.0,1.0
2017-07-11,8240,63.0,20.1,20.2,20.05,20.15,0.0,0.0,14.0
2017-07-12,8240,81.0,20.1,20.15,19.95,20.1,0.0,0.0,-5.0
2017-07-13,8240,39.0,20.1,20.1,20.0,20.05,0.0,0.0,-5.0
2017-07-14,8240,63.0,20.05,20.2,20.05,20.1,0.0,0.0,-20.0
2017-07-17,8240,55.0,20.1,20.1,20.0,20.05,0.0,0.0,0.0
2017-07-18,8240,43.0,20.25,20.25,20.0,20.25,0.0,0.0,4.0
2017-07-19,8240,17.0,20.1,20.15,20.1,20.15,0.0,0.0,-1.0
2017-07-20,8240,39.0,20.15,20.25,20.05,20.25,0.0,0.0,0.0
2017-07-21,8240,38.0,20.25,20.25,20.0,20.0,-7.0,0.0,-3.0
2017-07-24,8240,12.0,20.25,20.25,20.0,20.0,0.0,0.0,0.0
2017-07-25,8240,15.0,19.9,20.05,19.9,20.0,0.0,0.0,-1.0
2017-07-26,8240,13.0,20.05,20.05,19.9,20.05,0.0,0.0,1.0
2017-07-27,8240,20.0,19.9,20.0,19.9,20.0,0.0,0.0,6.0
2017-07-28,8240,30.0,20.0,20.15,19.95,20.0,0.0,0.0,-7.0
2017-07-31,8240,17.0,20.0,20.0,19.9,20.0,0.0,0.0,-2.0
2017-08-01,8240,31.0,19.9,20.0,19.85,20.0,0.0,0.0,2.0
2017-08-02,8240,55.0,19.9,19.9,19.8,19.8,0.0,0.0,5.0
2017-08-03,8240,60.0,19.7,19.85,19.6,19.8,0.0,0.0,-28.0
2017-08-04,8240,79.0,19.7,19.75,19.5,19.5,0.0,0.0,-52.0
2017-08-07,8240,51.0,19.5,19.5,19.35,19.35,0.0,0.0,9.0
2017-08-08,8240,89.0,19.35,19.35,19.0,19.15,0.0,0.0,26.0
2017-08-09,8240,54.0,19.15,19.8,19.1,19.55,0.0,0.0,-7.0
2017-08-10,8240,54.0,19.3,19.3,19.0,19.05,0.0,0.0,-13.0
2017-08-11,8240,28.0,19.0,19.05,18.8,19.05,-3.0,0.0,9.0
2017-08-14,8240,129.0,18.9,18.9,18.0,18.1,0.0,0.0,-35.0
2017-08-15,8240,66.0,18.1,18.35,18.0,18.35,0.0,0.0,-24.0
2017-08-16,8240,98.0,18.2,18.2,18.0,18.2,0.0,0.0,-7.0
2017-08-17,8240,30.0,18.05,18.4,18.05,18.25,1.0,0.0,6.0
2017-08-18,8240,23.0,18.25,18.4,18.2,18.4,1.0,0.0,0.0
2017-08-21,8240,17.0,17.7,18.4,17.7,18.3,0.0,0.0,5.0
2017-08-22,8240,45.0,18.3,18.55,18.3,18.55,0.0,0.0,2.0
2017-08-23,8240,31.0,18.6,18.75,18.6,18.75,0.0,0.0,7.0
2017-08-24,8240,21.0,18.65,18.95,18.65,18.75,0.0,0.0,4.0
2017-08-25,8240,19.0,18.75,18.9,18.55,18.9,0.0,0.0,3.0
2017-08-28,8240,37.0,18.9,18.9,18.55,18.55,-1.0,0.0,9.0
2017-08-29,8240,21.0,18.55,18.6,18.5,18.6,0.0,0.0,6.0
2017-08-30,8240,45.0,18.6,18.65,18.4,18.65,0.0,0.0,0.0
2017-08-31,8240,33.0,18.65,18.7,18.6,18.65,0.0,0.0,3.0
2017-09-01,8240,49.0,18.8,18.8,18.5,18.7,0.0,0.0,1.0
2017-09-04,8240,10.0,18.7,18.7,18.55,18.55,0.0,0.0,3.0
2017-09-05,8240,28.0,18.6,18.85,18.5,18.55,0.0,0.0,-12.0
2017-09-06,8240,24.0,18.55,18.7,18.55,18.7,0.0,0.0,2.0
2017-09-07,8240,38.0,18.8,19.3,18.8,19.05,0.0,0.0,3.0
2017-09-08,8240,54.0,19.0,19.1,18.9,19.1,0.0,0.0,-5.0
2017-09-11,8240,1018.0,19.1,21.0,19.1,21.0,2.0,0.0,105.0
2017-09-12,8240,6111.0,23.1,23.1,22.15,23.1,80.0,0.0,806.0
2017-09-13,8240,2737.0,23.3,24.1,22.7,22.7,-56.0,0.0,-47.0
2017-09-14,8240,1172.0,22.9,23.6,22.8,23.1,-22.0,0.0,-88.0
2017-09-15,8240,1059.0,23.4,23.85,22.8,23.55,0.0,0.0,41.0
2017-09-18,8240,2030.0,24.4,25.8,23.35,23.5,0.0,0.0,7.0
2017-09-19,8240,1006.0,23.2,23.3,22.1,22.1,3.0,0.0,-3.0
2017-09-20,8240,563.0,22.1,22.5,21.9,22.25,-1.0,0.0,-192.0
2017-09-21,8240,409.0,22.65,23.05,22.4,22.55,-2.0,0.0,-5.0
2017-09-22,8240,430.0,22.55,22.7,21.3,21.4,0.0,0.0,-87.0
2017-09-25,8240,426.0,21.4,22.25,21.35,21.7,4.0,0.0,6.0
2017-09-26,8240,294.0,21.2,21.7,20.8,20.8,5.0,0.0,-29.0
2017-09-27,8240,1010.0,21.0,22.85,21.0,22.05,13.0,0.0,53.0
2017-09-28,8240,516.0,22.3,22.3,21.2,21.65,-1.0,0.0,-1.0
2017-09-29,8240,139.0,21.65,21.65,21.25,21.35,0.0,0.0,13.0
2017-09-30,8240,196.0,21.4,22.3,21.4,21.55,0.0,0.0,-1.0
2017-10-02,8240,125.0,21.55,22.0,21.55,21.9,3.0,0.0,3.0
2017-10-03,8240,240.0,21.6,22.0,21.35,21.4,-5.0,0.0,2.0
2017-10-05,8240,319.0,21.3,21.5,21.0,21.15,0.0,0.0,40.0
2017-10-06,8240,122.0,21.3,21.3,21.05,21.2,0.0,0.0,21.0
2017-10-11,8240,153.0,21.3,21.35,20.85,20.85,-1.0,0.0,2.0
2017-10-12,8240,101.0,20.85,21.0,20.7,20.7,0.0,0.0,4.0
2017-10-13,8240,218.0,20.7,20.7,20.25,20.7,0.0,0.0,6.0
2017-10-16,8240,146.0,20.7,21.2,20.7,20.8,7.0,0.0,27.0
2017-10-17,8240,74.0,21.0,21.0,20.55,20.6,0.0,0.0,-2.0
2017-10-18,8240,140.0,20.55,21.35,20.5,20.6,3.0,0.0,16.0
2017-10-19,8240,194.0,20.6,21.05,20.55,20.55,-7.0,0.0,-27.0
2017-10-20,8240,206.0,20.5,21.05,20.45,20.8,1.0,0.0,-3.0
2017-10-23,8240,103.0,20.9,20.9,20.6,20.6,1.0,0.0,-6.0
2017-10-24,8240,202.0,20.6,21.1,20.6,20.75,15.0,0.0,28.0
2017-10-25,8240,134.0,20.7,20.8,20.6,20.7,-8.0,0.0,-2.0
2017-10-26,8240,905.0,20.75,22.4,20.7,21.7,5.0,0.0,7.0
2017-10-27,8240,295.0,21.5,21.65,21.0,21.15,-11.0,0.0,-111.0
2017-10-30,8240,327.0,21.5,21.75,21.05,21.05,-23.0,0.0,49.0
2017-10-31,8240,270.0,21.05,21.75,20.8,21.45,22.0,0.0,18.0
2017-11-01,8240,665.0,21.35,22.5,21.2,22.5,18.0,0.0,70.0
2017-11-02,8240,457.0,22.9,22.9,22.05,22.1,-49.0,0.0,-43.0
2017-11-03,8240,231.0,21.95,22.2,21.5,21.5,-3.0,0.0,-40.0
2017-11-06,8240,100.0,21.5,21.65,21.1,21.35,9.0,0.0,-22.0
2017-11-07,8240,491.0,21.3,22.2,21.0,22.0,22.0,0.0,49.0
2017-11-08,8240,224.0,22.5,22.5,21.5,21.5,-42.0,0.0,22.0
2017-11-09,8240,120.0,21.5,21.6,21.05,21.1,-23.0,0.0,13.0
2017-11-10,8240,126.0,21.1,21.15,20.85,21.0,18.0,0.0,-7.0
2017-11-13,8240,234.0,21.0,21.0,20.3,20.3,-37.0,0.0,51.0
2017-11-14,8240,184.0,20.3,20.3,20.05,20.1,-11.0,0.0,11.0
2017-11-15,8240,88.0,20.1,20.5,20.05,20.45,-2.0,0.0,-35.0
2017-11-16,8240,282.0,20.5,20.5,19.75,19.75,-6.0,0.0,14.0
2017-11-17,8240,126.0,19.8,20.2,19.8,19.9,1.0,0.0,-17.0
2017-11-20,8240,112.0,20.0,20.2,19.1,19.4,-3.0,0.0,-4.0
2017-11-21,8240,136.0,19.4,19.8,19.4,19.8,3.0,0.0,6.0
2017-11-22,8240,98.0,20.0,20.0,19.45,19.6,-4.0,0.0,14.0
2017-11-23,8240,94.0,19.6,19.6,19.45,19.5,4.0,0.0,15.0
2017-11-24,8240,141.0,19.85,19.85,19.45,19.7,9.0,0.0,10.0
2017-11-27,8240,89.0,20.3,20.3,19.7,19.7,1.0,0.0,-13.0
2017-11-28,8240,54.0,19.8,19.8,19.35,19.55,0.0,0.0,-3.0
2017-11-29,8240,126.0,19.55,19.95,19.5,19.95,1.0,0.0,25.0
2017-11-30,8240,59.0,19.9,20.0,19.6,19.8,0.0,0.0,-5.0
2017-12-01,8240,101.0,19.9,19.95,19.4,19.45,-7.0,0.0,5.0
2017-12-04,8240,66.0,19.45,19.45,19.3,19.4,0.0,0.0,7.0
2017-12-05,8240,59.0,19.4,19.4,19.1,19.15,-8.0,0.0,4.0
2017-12-06,8240,135.0,19.15,19.2,18.55,18.7,-4.0,0.0,-34.0
2017-12-07,8240,61.0,18.7,19.1,18.7,18.8,-2.0,0.0,17.0
2017-12-08,8240,76.0,18.8,18.8,18.4,18.65,-2.0,0.0,-19.0
2017-12-11,8240,65.0,18.75,18.85,18.55,18.75,4.0,0.0,26.0
2017-12-12,8240,45.0,18.65,19.05,18.65,19.0,0.0,0.0,-6.0
2017-12-13,8240,53.0,18.65,19.2,18.65,19.2,5.0,0.0,16.0
2017-12-14,8240,74.0,19.05,19.95,19.05,19.6,7.0,0.0,18.0
2017-12-15,8240,19.0,19.6,19.8,19.35,19.35,-6.0,0.0,9.0
2017-12-18,8240,28.0,19.4,19.4,19.0,19.1,2.0,0.0,1.0
2017-12-19,8240,62.0,19.1,19.2,18.8,19.05,0.0,0.0,-22.0
2017-12-20,8240,73.0,19.0,19.4,18.95,19.05,5.0,0.0,4.0
2017-12-21,8240,56.0,19.5,19.5,19.0,19.1,4.0,0.0,0.0
2017-12-22,8240,730.0,19.15,21.0,19.1,21.0,19.0,0.0,235.0
2017-12-25,8240,918.0,21.05,21.8,20.45,21.5,-22.0,0.0,46.0
2017-12-26,8240,146.0,21.05,21.45,21.0,21.0,-5.0,0.0,31.0
2017-12-27,8240,125.0,20.8,21.2,20.55,21.15,-3.0,0.0,64.0
2017-12-28,8240,78.0,21.45,21.45,21.0,21.1,-4.0,0.0,-1.0
2017-12-29,8240,341.0,21.4,21.4,20.05,20.15,1.0,0.0,-37.0
2018-01-02,8240,260.0,19.95,19.95,19.1,19.8,33.0,0.0,-118.0
2018-01-03,8240,131.0,19.8,20.15,19.7,19.9,7.0,0.0,-15.0
2018-01-04,8240,186.0,19.95,20.55,19.8,20.55,17.0,0.0,2.0
2018-01-05,8240,73.0,20.55,20.7,20.4,20.5,10.0,0.0,-18.0
2018-01-08,8240,77.0,20.5,20.6,20.1,20.2,-5.0,0.0,5.0
2018-01-09,8240,39.0,20.05,20.2,20.0,20.2,0.0,0.0,21.0
2018-01-10,8240,32.0,20.1,20.1,19.9,19.9,4.0,0.0,-10.0
2018-01-11,8240,24.0,19.9,20.25,19.9,19.9,-5.0,0.0,3.0
2018-01-12,8240,65.0,19.9,20.2,19.9,20.2,4.0,0.0,18.0
2018-01-15,8240,407.0,20.3,21.6,20.3,21.0,5.0,0.0,93.0
2018-01-16,8240,88.0,20.95,21.2,20.65,20.95,-3.0,0.0,10.0
2018-01-17,8240,192.0,21.0,21.6,20.95,21.4,-7.0,0.0,19.0
2018-01-18,8240,81.0,21.4,21.6,21.0,21.25,-4.0,0.0,-10.0
2018-01-19,8240,48.0,21.25,21.25,20.75,20.95,-2.0,0.0,-1.0
2018-01-22,8240,64.0,20.95,21.4,20.8,20.8,-6.0,0.0,17.0
2018-01-23,8240,31.0,20.8,20.95,20.65,20.8,-2.0,0.0,-1.0
2018-01-24,8240,30.0,20.8,20.8,20.45,20.7,-1.0,0.0,4.0
2018-01-25,8240,63.0,20.7,20.8,20.4,20.45,2.0,0.0,16.0
2018-01-26,8240,22.0,20.45,20.7,20.45,20.7,1.0,0.0,6.0
2018-01-29,8240,32.0,20.8,20.85,20.6,20.8,12.0,0.0,-6.0
2018-01-30,8240,54.0,20.8,20.9,20.3,20.6,13.0,0.0,-17.0
2018-01-31,8240,42.0,20.3,20.6,20.15,20.35,10.0,0.0,7.0
2018-02-01,8240,47.0,20.5,20.7,20.15,20.15,0.0,0.0,-30.0
2018-02-02,8240,11.0,20.2,20.2,20.1,20.1,0.0,0.0,-5.0
2018-02-05,8240,112.0,20.0,20.05,19.3,20.0,0.0,0.0,-5.0
2018-02-06,8240,193.0,19.55,19.55,18.05,18.7,0.0,0.0,0.0
2018-02-07,8240,57.0,18.75,19.0,18.75,18.85,0.0,0.0,-2.0
2018-02-08,8240,40.0,18.85,19.0,18.85,18.95,0.0,0.0,-4.0
2018-02-09,8240,84.0,18.8,19.0,18.25,19.0,0.0,0.0,-15.0
2018-02-12,8240,21.0,19.0,19.1,19.0,19.1,0.0,0.0,-3.0
2018-02-21,8240,21.0,19.25,19.35,19.2,19.3,0.0,0.0,11.0
2018-02-22,8240,43.0,18.95,19.2,18.95,19.2,0.0,0.0,5.0
2018-02-23,8240,38.0,19.3,19.3,19.15,19.2,2.0,0.0,2.0
2018-02-26,8240,35.0,19.25,19.4,19.2,19.2,-2.0,0.0,-22.0
2018-02-27,8240,37.0,19.25,19.25,19.0,19.1,0.0,0.0,-25.0
2018-03-01,8240,122.0,19.1,20.2,19.0,20.15,0.0,0.0,47.0
2018-03-02,8240,46.0,19.8,20.2,19.8,19.95,0.0,0.0,14.0
2018-03-05,8240,15.0,19.85,20.0,19.85,19.9,0.0,0.0,3.0
2018-03-06,8240,280.0,20.15,21.0,19.95,21.0,0.0,0.0,-77.0
2018-03-07,8240,1141.0,21.0,22.15,20.55,20.55,0.0,0.0,67.0
2018-03-08,8240,159.0,20.55,20.7,20.3,20.35,0.0,0.0,36.0
2018-03-09,8240,165.0,20.9,20.9,19.8,19.95,0.0,0.0,-5.0
2018-03-12,8240,88.0,20.1,20.1,19.55,19.55,0.0,0.0,-21.0
2018-03-13,8240,57.0,19.65,20.0,19.5,19.65,0.0,0.0,-14.0
2018-03-14,8240,81.0,19.65,19.75,19.45,19.5,0.0,0.0,-15.0
2018-03-15,8240,87.0,19.7,19.7,19.35,19.35,0.0,0.0,16.0
2018-03-16,8240,15.0,19.5,19.55,19.45,19.5,0.0,0.0,-2.0
2018-03-19,8240,97.0,19.55,20.1,19.55,19.7,15.0,0.0,-6.0
2018-03-20,8240,24.0,19.65,20.0,19.6,20.0,0.0,0.0,-1.0
2018-03-21,8240,67.0,20.05,20.05,19.7,19.75,-13.0,0.0,-1.0
2018-03-22,8240,93.0,20.1,20.15,19.65,19.7,-2.0,0.0,29.0
2018-03-23,8240,77.0,19.4,19.6,19.25,19.6,0.0,0.0,-9.0
2018-03-26,8240,21.0,19.6,19.6,19.4,19.6,0.0,0.0,1.0
2018-03-27,8240,31.0,19.7,19.85,19.7,19.85,0.0,0.0,10.0
2018-03-28,8240,74.0,19.8,19.8,19.5,19.55,0.0,0.0,4.0
2018-03-29,8240,39.0,19.55,19.55,19.4,19.55,0.0,0.0,10.0
2018-03-30,8240,124.0,19.55,19.55,19.2,19.25,0.0,0.0,38.0
2018-03-31,8240,97.0,19.35,19.35,19.05,19.2,0.0,0.0,14.0
2018-04-02,8240,51.0,19.35,19.35,19.2,19.3,0.0,0.0,-8.0
2018-04-03,8240,45.0,19.05,19.3,19.05,19.3,0.0,0.0,-13.0
2018-04-09,8240,43.0,19.25,19.3,19.25,19.25,0.0,0.0,-4.0
2018-04-10,8240,31.0,19.3,19.45,19.3,19.4,0.0,0.0,-8.0
2018-04-11,8240,34.0,19.5,19.55,19.4,19.45,0.0,0.0,-13.0
2018-04-12,8240,13.0,19.45,19.5,19.3,19.5,0.0,0.0,4.0
2018-04-13,8240,39.0,19.45,19.45,19.3,19.35,0.0,0.0,-13.0
2018-04-16,8240,24.0,19.35,19.5,19.3,19.35,0.0,0.0,1.0
2018-04-17,8240,44.0,19.5,19.5,19.0,19.0,0.0,0.0,9.0
2018-04-18,8240,68.0,18.8,19.1,18.75,18.9,0.0,0.0,-27.0
2018-04-19,8240,186.0,19.2,19.2,18.6,18.6,0.0,0.0,7.0
2018-04-20,8240,144.0,18.7,18.7,18.45,18.55,0.0,0.0,-9.0
2018-04-23,8240,53.0,18.55,18.9,18.5,18.6,0.0,0.0,-8.0
2018-04-24,8240,29.0,18.6,18.7,18.3,18.7,0.0,0.0,-4.0
2018-04-25,8240,58.0,18.7,18.8,18.4,18.7,0.0,0.0,-11.0
2018-04-26,8240,73.0,18.7,18.7,18.0,18.4,0.0,0.0,-40.0
2018-04-27,8240,53.0,18.2,18.55,18.1,18.55,0.0,0.0,-15.0
2018-04-30,8240,54.0,18.35,18.6,18.2,18.6,0.0,0.0,-9.0
2018-05-02,8240,183.0,18.65,19.25,18.35,19.2,0.0,0.0,8.0
2018-05-03,8240,69.0,19.2,19.2,18.75,19.15,0.0,0.0,7.0
2018-05-04,8240,745.0,19.15,20.6,18.95,19.85,0.0,0.0,-14.0
2018-05-07,8240,296.0,20.2,20.2,19.4,19.4,0.0,0.0,4.0
2018-05-08,8240,78.0,19.7,19.7,19.2,19.2,0.0,0.0,-15.0
2018-05-09,8240,38.0,19.2,19.2,19.15,19.15,0.0,0.0,11.0
2018-05-10,8240,52.0,19.25,19.25,19.15,19.15,0.0,0.0,9.0
2018-05-11,8240,69.0,19.2,19.35,19.0,19.25,0.0,0.0,-17.0
2018-05-14,8240,79.0,19.1,19.25,18.8,19.0,0.0,0.0,-3.0
2018-05-15,8240,124.0,18.8,19.0,18.6,18.7,0.0,0.0,23.0
2018-05-16,8240,79.0,18.5,18.7,18.5,18.7,0.0,0.0,11.0
2018-05-17,8240,75.0,18.55,18.75,18.5,18.5,0.0,0.0,19.0
2018-05-18,8240,64.0,18.45,18.6,18.45,18.45,0.0,0.0,12.0
2018-05-21,8240,56.0,18.25,18.65,18.25,18.45,0.0,0.0,4.0
2018-05-22,8240,60.0,18.7,18.7,18.35,18.45,0.0,0.0,13.0
2018-05-23,8240,134.0,18.35,18.4,18.0,18.1,0.0,0.0,43.0
2018-05-24,8240,96.0,18.1,18.45,18.1,18.2,0.0,0.0,39.0
2018-05-25,8240,24.0,18.2,18.35,18.15,18.3,0.0,0.0,-12.0
2018-05-28,8240,68.0,18.3,18.5,18.15,18.15,0.0,0.0,-7.0
2018-05-29,8240,82.0,18.15,18.2,18.05,18.15,0.0,0.0,-10.0
2018-05-30,8240,110.0,18.2,18.3,18.0,18.25,1.0,0.0,20.0
2018-05-31,8240,70.0,18.35,18.55,18.3,18.5,0.0,0.0,-7.0
2018-06-01,8240,69.0,18.55,18.75,18.5,18.75,0.0,0.0,3.0
2018-06-04,8240,159.0,18.8,19.3,18.8,19.0,0.0,0.0,-2.0
2018-06-05,8240,79.0,19.15,19.2,19.0,19.0,0.0,0.0,-6.0
2018-06-06,8240,120.0,19.05,19.25,19.05,19.1,0.0,0.0,7.0
2018-06-07,8240,107.0,19.1,19.1,18.95,19.05,0.0,0.0,-9.0
2018-06-08,8240,108.0,19.05,19.05,18.7,18.7,0.0,0.0,-16.0
2018-06-11,8240,68.0,19.0,19.0,18.7,18.8,0.0,0.0,-7.0
2018-06-12,8240,1235.0,18.8,19.8,18.75,19.4,6.0,0.0,-22.0
2018-06-13,8240,169.0,19.2,19.5,19.05,19.2,-6.0,0.0,61.0
2018-06-14,8240,87.0,19.2,19.3,19.05,19.2,0.0,0.0,-16.0
2018-06-15,8240,99.0,19.1,19.15,18.75,19.1,0.0,0.0,28.0
2018-06-19,8240,45.0,19.0,19.0,18.7,18.95,0.0,0.0,15.0
2018-06-20,8240,23.0,19.0,19.0,18.6,18.85,0.0,0.0,-1.0
2018-06-21,8240,37.0,18.85,18.85,18.6,18.6,0.0,0.0,3.0
2018-06-22,8240,32.0,18.8,18.85,18.55,18.6,0.0,0.0,-2.0
2018-06-25,8240,98.0,18.75,18.75,18.4,18.6,0.0,0.0,21.0
2018-06-26,8240,26.0,18.4,18.45,18.4,18.4,0.0,0.0,18.0
2018-06-27,8240,181.0,18.4,18.65,18.05,18.1,0.0,0.0,-85.0
2018-06-28,8240,72.0,18.15,18.25,18.05,18.15,0.0,0.0,-20.0
2018-06-29,8240,70.0,18.25,18.7,18.25,18.6,0.0,0.0,16.0
2018-07-02,8240,46.0,18.6,18.6,18.4,18.4,0.0,0.0,-6.0
2018-07-03,8240,24.0,18.35,18.35,18.25,18.25,0.0,0.0,6.0
2018-07-04,8240,7.0,18.25,18.25,18.2,18.2,0.0,0.0,3.0
2018-07-05,8240,13.0,18.15,18.2,18.1,18.15,0.0,0.0,-6.0
2018-07-06,8240,92.0,18.15,18.15,18.0,18.0,0.0,0.0,-18.0
2018-07-09,8240,29.0,18.15,18.15,18.0,18.05,0.0,0.0,-8.0
2018-07-10,8240,9.0,18.15,18.25,18.15,18.25,0.0,0.0,-2.0
2018-07-11,8240,36.0,18.2,18.25,18.0,18.1,0.0,0.0,11.0
2018-07-12,8240,28.0,18.05,18.25,18.05,18.1,0.0,0.0,1.0
2018-07-13,8240,27.0,18.1,18.2,18.1,18.1,0.0,0.0,2.0
2018-07-16,8240,30.0,18.15,18.2,18.1,18.15,0.0,0.0,3.0
2018-07-17,8240,38.0,18.2,18.2,18.05,18.1,0.0,0.0,4.0
2018-07-18,8240,30.0,18.1,18.1,18.05,18.1,0.0,0.0,0.0
2018-07-19,8240,50.0,18.3,18.3,18.0,18.05,0.0,0.0,-15.0
2018-07-20,8240,17.0,18.0,18.0,17.95,18.0,0.0,0.0,-1.0
2018-07-23,8240,10.0,18.1,18.1,17.95,17.95,0.0,0.0,-1.0
2018-07-24,8240,24.0,18.0,18.0,17.95,18.0,0.0,0.0,-6.0
2018-07-25,8240,14.0,18.15,18.15,18.05,18.1,0.0,0.0,1.0
2018-07-26,8240,24.0,18.15,18.15,18.0,18.0,0.0,0.0,0.0
2018-07-27,8240,11.0,18.0,18.25,18.0,18.25,0.0,0.0,2.0
2018-07-30,8240,8.0,18.15,18.2,18.0,18.15,0.0,0.0,0.0
2018-07-31,8240,25.0,18.2,18.2,18.0,18.1,0.0,0.0,1.0
2018-08-01,8240,21.0,18.05,18.25,18.05,18.1,0.0,0.0,0.0
2018-08-02,8240,64.0,18.1,18.1,17.95,18.1,0.0,0.0,-1.0
2018-08-03,8240,48.0,18.1,18.1,17.8,17.9,0.0,0.0,0.0
2018-08-06,8240,46.0,17.95,18.1,17.95,18.0,0.0,0.0,19.0
2018-08-07,8240,13.0,18.0,18.0,17.9,18.0,0.0,0.0,0.0
2018-08-08,8240,27.0,18.0,18.25,18.0,18.15,2.0,0.0,16.0
2018-08-09,8240,4.0,18.1,18.15,18.1,18.15,0.0,0.0,0.0
2018-08-10,8240,8.0,18.15,18.2,18.05,18.05,0.0,0.0,5.0
2018-08-13,8240,560.0,19.0,19.4,18.3,18.3,-2.0,0.0,-23.0
2018-08-14,8240,155.0,18.6,18.65,18.35,18.6,0.0,0.0,8.0
2018-08-15,8240,58.0,18.6,18.65,18.5,18.6,0.0,0.0,-8.0
2018-08-16,8240,105.0,18.55,18.9,18.5,18.8,0.0,0.0,-16.0
2018-08-17,8240,49.0,19.0,19.0,18.5,18.5,0.0,0.0,-12.0
2018-08-20,8240,47.0,18.5,18.5,18.3,18.45,0.0,0.0,-2.0
2018-08-21,8240,69.0,18.55,18.75,18.55,18.6,4.0,0.0,-28.0
2018-08-22,8240,226.0,18.9,19.2,18.9,19.0,0.0,0.0,-14.0
2018-08-23,8240,67.0,19.2,19.2,18.7,18.85,-3.0,0.0,-16.0
2018-08-24,8240,50.0,18.85,19.05,18.8,19.05,0.0,0.0,-1.0
2018-08-27,8240,450.0,19.2,20.2,19.2,20.0,11.0,0.0,42.0
2018-08-28,8240,179.0,20.2,20.25,19.55,19.75,-10.0,0.0,-8.0
2018-08-29,8240,66.0,19.6,19.6,19.45,19.45,0.0,0.0,-25.0
2018-08-30,8240,152.0,19.65,20.45,19.65,19.75,3.0,0.0,-3.0
2018-08-31,8240,103.0,19.85,20.0,19.65,19.8,-3.0,0.0,-28.0
2018-09-03,8240,73.0,19.85,20.05,19.65,19.65,0.0,0.0,24.0
2018-09-04,8240,47.0,19.6,19.7,19.55,19.7,0.0,0.0,-26.0
2018-09-05,8240,30.0,19.65,19.85,19.5,19.55,0.0,0.0,4.0
2018-09-06,8240,42.0,19.35,19.65,19.35,19.45,0.0,0.0,7.0
2018-09-07,8240,62.0,19.35,19.5,19.05,19.1,0.0,0.0,5.0
2018-09-10,8240,77.0,19.2,19.2,18.6,18.6,0.0,0.0,-11.0
2018-09-11,8240,28.0,19.05,19.05,18.7,18.7,0.0,0.0,7.0
2018-09-12,8240,67.0,18.7,18.7,18.5,18.5,0.0,0.0,11.0
2018-09-13,8240,74.0,18.5,19.0,18.5,19.0,0.0,0.0,0.0
2018-09-14,8240,101.0,19.1,20.0,19.1,19.6,0.0,0.0,9.0
2018-09-17,8240,22.0,19.5,19.55,19.3,19.45,0.0,0.0,-6.0
2018-09-18,8240,70.0,19.45,19.45,19.1,19.3,0.0,0.0,-24.0
2018-09-19,8240,23.0,19.3,19.3,19.15,19.15,0.0,0.0,4.0
2018-09-20,8240,41.0,19.1,19.25,18.9,18.95,-10.0,0.0,0.0
2018-09-21,8240,36.0,19.0,19.05,19.0,19.05,-10.0,0.0,4.0
2018-09-25,8240,14.0,19.2,19.2,19.1,19.1,0.0,0.0,-2.0
2018-09-26,8240,2.0,19.1,19.1,19.1,19.1,0.0,0.0,2.0
2018-09-27,8240,17.0,19.1,19.15,18.9,19.15,0.0,0.0,10.0
2018-09-28,8240,16.0,19.55,19.55,19.0,19.0,0.0,0.0,-9.0
2018-10-01,8240,50.0,19.05,19.35,19.0,19.35,0.0,0.0,-16.0
2018-10-02,8240,28.0,19.55,19.6,19.35,19.35,0.0,0.0,-3.0
2018-10-03,8240,139.0,19.4,19.8,19.05,19.4,-34.0,0.0,6.0
2018-10-04,8240,62.0,19.6,19.6,18.95,19.05,0.0,0.0,-10.0
2018-10-05,8240,44.0,19.0,19.0,18.6,18.65,0.0,0.0,-9.0
2018-10-08,8240,52.0,18.65,18.65,18.2,18.4,0.0,0.0,-2.0
2018-10-09,8240,70.0,18.25,18.4,18.2,18.25,0.0,0.0,-6.0
2018-10-11,8240,290.0,18.0,18.0,16.45,16.45,39.0,0.0,-168.0
2018-10-12,8240,142.0,16.35,16.9,16.0,16.8,23.0,0.0,-36.0
2018-10-15,8240,53.0,17.0,17.0,16.6,16.75,8.0,0.0,-23.0
2018-10-16,8240,43.0,16.75,17.1,16.75,16.95,0.0,0.0,-9.0
2018-10-17,8240,72.0,17.05,17.4,17.05,17.2,39.0,0.0,-10.0
2018-10-18,8240,22.0,17.2,17.4,17.2,17.4,1.0,0.0,0.0
2018-10-19,8240,36.0,17.2,17.3,17.15,17.2,9.0,0.0,4.0
2018-10-22,8240,15.0,16.8,17.4,16.8,17.35,0.0,0.0,2.0
2018-10-23,8240,62.0,17.4,17.4,17.1,17.1,35.0,0.0,-8.0
2018-10-24,8240,45.0,16.95,17.1,16.85,17.1,0.0,0.0,-1.0
2018-10-25,8240,114.0,16.8,16.8,16.45,16.5,0.0,0.0,-52.0
2018-10-26,8240,65.0,16.8,16.9,16.75,16.8,50.0,0.0,0.0
2018-10-29,8240,13.0,16.8,17.0,16.8,17.0,0.0,0.0,2.0
2018-10-30,8240,22.0,17.15,17.15,16.8,16.8,0.0,0.0,-3.0
2018-10-31,8240,38.0,16.95,17.15,16.95,17.0,0.0,0.0,-2.0
2018-11-01,8240,23.0,17.05,17.25,17.0,17.0,0.0,0.0,-7.0
2018-11-02,8240,34.0,17.05,17.2,17.05,17.1,0.0,0.0,-12.0
2018-11-05,8240,36.0,17.25,17.25,17.2,17.2,0.0,0.0,2.0
2018-11-06,8240,13.0,17.35,17.35,17.0,17.0,0.0,0.0,4.0
2018-11-07,8240,21.0,17.3,17.3,17.0,17.1,0.0,0.0,5.0
2018-11-08,8240,5.0,17.3,17.3,17.1,17.2,0.0,0.0,1.0
2018-11-09,8240,25.0,17.2,17.2,17.0,17.2,0.0,0.0,0.0
2018-11-12,8240,7.0,17.0,17.2,17.0,17.2,0.0,0.0,7.0
2018-11-13,8240,22.0,17.05,17.2,17.0,17.2,0.0,0.0,3.0
2018-11-14,8240,225.0,18.5,18.9,18.5,18.9,2.0,0.0,61.0
2018-11-15,8240,409.0,19.5,20.0,19.05,19.05,-4.0,0.0,44.0
2018-11-16,8240,129.0,19.1,19.35,18.7,19.0,0.0,0.0,-60.0
2018-11-19,8240,71.0,18.8,19.3,18.8,18.9,0.0,0.0,-24.0
2018-11-20,8240,98.0,18.8,19.85,18.8,19.1,0.0,0.0,13.0
2018-11-21,8240,110.0,19.4,19.7,19.35,19.55,-23.0,0.0,-15.0
2018-11-22,8240,33.0,19.75,19.75,19.2,19.2,0.0,0.0,-9.0
2018-11-23,8240,41.0,19.15,19.15,19.0,19.05,-8.35,0.0,1.0
2018-11-26,8240,22.0,18.9,19.3,18.9,19.15,0.0,0.0,-10.0
2018-11-27,8240,33.0,19.35,19.35,19.0,19.1,0.0,0.0,-3.0
2018-11-28,8240,81.0,19.15,19.15,19.0,19.1,-1.0,0.0,4.0
2018-11-29,8240,61.0,19.35,19.35,19.05,19.25,0.0,0.0,0.0
2018-11-30,8240,75.0,19.5,19.6,19.4,19.55,0.0,0.0,6.0
2018-12-03,8240,108.0,19.95,20.0,19.55,19.8,0.0,0.0,5.0
2018-12-04,8240,57.0,19.8,19.8,19.5,19.5,0.0,0.0,-15.0
2018-12-05,8240,47.0,19.2,19.3,19.15,19.3,0.0,0.0,24.0
2018-12-06,8240,38.0,19.35,19.35,19.05,19.05,0.0,0.0,2.0
2018-12-07,8240,22.0,19.1,19.2,19.05,19.2,0.0,0.0,-4.0
2018-12-10,8240,362.0,20.0,21.0,19.7,19.7,0.0,0.0,-14.0
2018-12-11,8240,140.0,19.55,20.3,19.55,19.95,0.0,0.0,27.0
2018-12-12,8240,543.0,20.2,21.45,20.2,20.95,0.0,0.0,97.0
2018-12-13,8240,116.0,20.75,21.2,20.7,20.75,0.0,0.0,-11.0
2018-12-14,8240,119.0,20.55,20.55,20.15,20.45,0.0,0.0,-35.0
2018-12-17,8240,38.0,20.3,20.35,20.05,20.1,0.0,0.0,3.0
2018-12-18,8240,102.0,20.05,20.1,19.7,19.9,0.0,0.0,14.0
2018-12-19,8240,71.0,19.85,20.05,19.75,19.8,0.0,0.0,-29.0
2018-12-20,8240,94.0,19.8,19.8,19.2,19.25,0.0,0.0,-11.0
2018-12-21,8240,19.0,19.15,19.55,19.15,19.55,0.0,0.0,-8.0
2018-12-22,8240,11.0,19.55,19.75,19.2,19.75,0.0,0.0,0.0
2018-12-24,8240,41.0,19.75,19.75,19.5,19.5,0.0,0.0,7.0
2018-12-25,8240,50.0,19.25,19.65,19.2,19.65,0.0,0.0,-35.0
2018-12-26,8240,37.0,19.5,19.55,19.35,19.55,0.0,0.0,17.0
2018-12-27,8240,20.0,19.7,19.75,19.65,19.65,0.0,0.0,-1.0
2018-12-28,8240,8.0,19.65,19.65,19.65,19.65,0.0,0.0,1.0
2019-01-02,8240,51.0,19.5,19.5,19.3,19.35,0.0,0.0,-7.0
2019-01-03,8240,9.0,19.3,19.3,19.2,19.25,0.0,0.0,2.0
2019-01-04,8240,68.0,19.05,19.4,19.0,19.1,0.0,0.0,-6.0
2019-01-07,8240,63.0,19.45,20.3,19.45,19.5,0.0,0.0,15.0
2019-01-08,8240,31.0,19.35,19.7,19.35,19.7,0.0,0.0,-3.0
2019-01-09,8240,79.0,19.8,19.8,19.55,19.6,0.0,0.0,-6.0
2019-01-10,8240,26.0,19.6,19.7,19.5,19.5,0.0,0.0,-5.0
2019-01-11,8240,82.0,19.2,19.25,19.15,19.2,0.0,0.0,1.0
2019-01-14,8240,47.0,19.05,19.3,19.05,19.3,0.0,0.0,11.0
2019-01-15,8240,16.0,19.3,19.6,19.2,19.6,0.0,0.0,3.0
2019-01-16,8240,11.0,19.4,19.5,19.35,19.35,0.0,0.0,-1.0
2019-01-17,8240,29.0,19.4,19.4,19.3,19.35,0.0,0.0,2.0
2019-01-18,8240,33.0,19.35,19.4,19.3,19.3,0.0,0.0,-4.0
2019-01-21,8240,21.0,19.3,19.45,19.2,19.45,0.0,0.0,8.0
2019-01-22,8240,29.0,19.15,19.2,19.1,19.15,0.0,0.0,4.0
2019-01-23,8240,30.0,19.15,19.2,19.1,19.2,0.0,0.0,-8.0
2019-01-24,8240,9.0,19.15,19.2,19.15,19.2,0.0,0.0,7.0
2019-01-25,8240,16.0,19.2,19.3,19.2,19.3,0.0,0.0,1.0
2019-01-28,8240,65.0,19.2,19.25,19.0,19.05,0.0,0.0,-25.0
2019-01-29,8240,11.0,19.25,19.25,19.1,19.1,0.0,0.0,-2.0
2019-01-30,8240,32.0,19.3,19.3,19.1,19.15,0.0,0.0,-15.0
2019-02-11,8240,22.0,19.15,19.55,19.15,19.55,0.0,0.0,5.0
2019-02-12,8240,113.0,19.7,20.0,19.6,19.65,0.0,0.0,29.0
2019-02-13,8240,46.0,19.8,19.85,19.65,19.7,1.0,0.0,-16.0
2019-02-14,8240,38.0,19.65,19.9,19.65,19.9,0.0,0.0,5.0
2019-02-15,8240,35.0,19.75,19.95,19.7,19.95,0.0,0.0,-2.0
2019-02-18,8240,205.0,20.0,20.4,20.0,20.3,0.0,0.0,26.0
2019-02-19,8240,49.0,20.3,20.4,20.15,20.35,-1.0,0.0,-10.0
2019-02-20,8240,38.0,20.2,20.35,20.1,20.2,0.0,0.0,-6.0
2019-02-21,8240,61.0,20.2,20.2,19.9,19.95,0.0,0.0,3.0
2019-02-22,8240,44.0,19.95,20.05,19.95,20.0,2.0,0.0,-4.0
2019-02-25,8240,94.0,20.15,20.2,20.0,20.2,-1.0,0.0,15.0
2019-02-26,8240,49.0,20.2,20.2,20.05,20.2,-2.0,0.0,-11.0
2019-02-27,8240,91.0,20.15,20.45,20.1,20.4,4.0,0.0,15.0
2019-03-04,8240,1269.0,20.75,22.4,20.75,22.4,23.0,0.0,51.0
2019-03-05,8240,3819.0,23.0,23.95,22.3,22.3,-56.0,0.0,169.0
2019-03-06,8240,916.0,22.4,22.65,21.85,22.05,0.0,0.0,-99.0
2019-03-07,8240,3898.0,22.15,24.25,22.15,24.25,-55.0,0.0,257.0
2019-03-08,8240,5938.0,24.95,25.9,24.45,25.7,-49.0,0.0,-82.0
2019-03-11,8240,4021.0,25.95,26.15,24.85,25.5,-20.0,0.0,318.0
2019-03-12,8240,2672.0,25.5,26.6,25.05,26.15,-10.0,0.0,316.0
2019-03-13,8240,3281.0,26.5,27.6,26.2,26.75,-38.0,0.0,443.0
2019-03-14,8240,2152.0,26.3,26.5,24.7,24.9,-6.0,0.0,-258.0
2019-03-15,8240,1383.0,25.4,25.6,24.75,25.0,0.0,0.0,-170.0
2019-03-18,8240,742.0,25.45,25.6,24.85,24.85,1.0,0.0,17.0
2019-03-19,8240,2855.0,25.3,26.7,24.85,25.75,37.0,0.0,331.0
2019-03-20,8240,5551.0,25.6,28.2,25.6,26.5,11.0,0.0,360.0
2019-03-21,8240,2888.0,26.05,27.1,26.05,26.05,-42.0,0.0,-310.0
2019-03-22,8240,1245.0,25.8,26.5,25.8,26.0,-1.0,0.0,-6.0
2019-03-25,8240,1088.0,25.4,25.75,24.9,25.45,14.0,0.0,-109.0
2019-03-26,8240,1180.0,26.0,26.7,25.8,26.1,-3.0,0.0,26.0
2019-03-27,8240,774.0,26.4,26.4,25.8,25.9,22.0,0.0,-3.0
2019-03-28,8240,4063.0,26.25,27.9,25.9,27.05,20.0,0.0,559.0
2019-03-29,8240,6634.0,27.4,29.3,27.05,29.05,-3.0,0.0,408.0
2019-04-01,8240,7280.0,30.1,30.45,28.0,28.75,-274.0,0.0,-681.0
2019-04-02,8240,1251.0,28.8,29.0,28.35,28.5,8.0,0.0,-8.0
2019-04-03,8240,4065.0,28.75,30.6,28.7,29.15,-171.0,0.0,107.0
2019-04-08,8240,3706.0,29.7,31.2,29.6,30.0,-130.0,0.0,35.0
2019-04-09,8240,1329.0,29.6,29.8,28.75,28.85,54.0,0.0,-116.0
2019-04-10,8240,747.0,28.6,29.4,28.6,28.75,13.0,0.0,-65.0
2019-04-11,8240,1339.0,29.7,29.85,28.85,29.0,-55.0,0.0,115.0
2019-04-12,8240,1736.0,29.4,29.8,28.95,29.8,34.0,0.0,234.0
2019-04-15,8240,1476.0,30.7,30.7,29.3,29.4,-160.0,0.0,-30.0
2019-04-16,8240,856.0,29.4,29.6,28.65,28.95,-27.0,0.0,14.0
2019-04-17,8240,852.0,29.3,29.3,28.35,28.35,11.0,0.0,-70.0
2019-04-18,8240,563.0,28.4,28.85,27.9,27.9,16.0,0.0,-46.0
2019-04-19,8240,1084.0,27.75,29.0,27.7,28.65,49.0,0.0,91.0
2019-04-22,8240,4129.0,28.65,30.2,28.65,29.65,-206.0,0.0,162.0
2019-04-23,8240,1358.0,29.3,29.5,28.45,28.6,-95.0,0.0,65.0
2019-04-24,8240,504.0,29.0,29.0,28.3,28.3,-40.0,0.0,61.0
2019-04-25,8240,438.0,28.3,28.65,28.05,28.1,4.0,0.0,67.0
2019-04-26,8240,1114.0,28.1,28.1,26.6,27.25,-14.0,0.0,-53.0
2019-04-29,8240,957.0,27.1,27.25,25.1,25.25,52.0,0.0,-183.0
2019-04-30,8240,377.0,25.45,26.0,25.35,25.9,75.0,0.0,-89.0
2019-05-02,8240,308.0,25.9,26.35,25.9,26.2,-51.0,0.0,-58.0
2019-05-03,8240,282.0,26.45,26.45,25.8,25.9,-36.0,0.0,13.0
2019-05-06,8240,483.0,25.5,25.5,24.65,24.8,-4.0,0.0,-128.0
2019-05-07,8240,362.0,24.95,25.35,24.85,24.95,46.0,0.0,-9.0
2019-05-08,8240,390.0,24.75,24.75,24.4,24.55,43.0,0.0,-33.0
2019-05-09,8240,1206.0,24.6,24.8,22.5,22.5,119.0,0.0,-385.0
2019-05-10,8240,622.0,22.9,23.4,22.5,22.9,85.0,0.0,-170.0
2019-05-13,8240,968.0,23.6,24.5,23.4,24.35,-41.0,0.0,45.0
2019-05-14,8240,611.0,23.55,24.1,23.3,23.85,-34.0,0.0,-43.0
2019-05-15,8240,315.0,24.35,24.4,24.0,24.05,-49.0,0.0,24.0
2019-05-16,8240,282.0,24.35,24.35,23.1,23.3,-41.0,0.0,-2.0
2019-05-17,8240,324.0,23.35,23.6,22.6,23.0,21.0,0.0,-37.0
2019-05-20,8240,208.0,23.5,23.6,22.7,22.9,-27.0,0.0,28.0
2019-05-21,8240,302.0,23.2,23.9,23.0,23.75,45.0,0.0,2.0
2019-05-22,8240,268.0,23.8,24.1,23.7,23.7,-10.0,0.0,-26.0
2019-05-23,8240,152.0,23.4,23.4,23.0,23.2,-18.0,0.0,-15.0
2019-05-24,8240,144.0,23.2,23.35,23.1,23.2,-18.0,0.0,12.0
2019-05-27,8240,115.0,23.2,23.35,23.0,23.1,-8.0,0.0,-15.0
2019-05-28,8240,62.0,23.1,23.4,23.1,23.35,19.0,0.0,5.0
2019-05-29,8240,314.0,23.35,24.0,23.0,23.9,27.0,0.0,70.0
2019-05-30,8240,328.0,23.9,24.35,23.9,24.2,16.0,0.0,-22.0
2019-05-31,8240,149.0,24.1,24.45,24.1,24.3,4.0,0.0,-7.0
2019-06-03,8240,193.0,23.8,24.1,23.6,24.0,3.0,0.0,-14.0
2019-06-04,8240,75.0,24.0,24.2,23.8,24.0,1.0,0.0,3.0
2019-06-05,8240,150.0,24.25,24.25,23.9,23.9,-5.0,0.0,-39.0
2019-06-06,8240,162.0,23.7,23.8,23.05,23.15,-12.0,0.0,-40.0
2019-06-10,8240,201.0,23.8,24.3,23.5,24.1,60.0,0.0,-36.0
2019-06-11,8240,1355.0,24.1,26.2,23.9,25.65,120.0,0.0,-6.0
2019-06-12,8240,650.0,26.05,26.05,25.2,25.4,-6.0,0.0,-40.0
2019-06-13,8240,269.0,25.4,25.4,24.7,24.85,19.0,0.0,-18.0
2019-06-14,8240,84.0,24.85,25.05,24.85,24.95,10.0,0.0,3.0
2019-06-17,8240,98.0,25.05,25.05,24.7,24.8,1.0,0.0,-28.0
2019-06-18,8240,146.0,24.75,25.2,24.7,24.85,-17.0,0.0,-25.0
2019-06-19,8240,167.0,25.15,25.3,24.8,24.95,14.0,0.0,4.0
2019-06-20,8240,368.0,25.1,25.8,24.95,25.5,69.0,0.0,-25.0
2019-06-21,8240,161.0,25.6,25.6,25.1,25.2,6.0,0.0,-56.0
2019-06-24,8240,90.0,25.3,25.3,24.95,25.0,5.0,0.0,-7.0
2019-06-25,8240,64.0,25.25,25.25,24.9,25.05,1.0,0.0,-11.0
2019-06-26,8240,78.0,25.45,25.45,25.0,25.15,6.0,0.0,-7.0
2019-06-27,8240,322.0,25.25,25.9,25.2,25.85,61.0,0.0,40.0
2019-06-28,8240,298.0,26.25,26.25,25.55,25.55,-12.0,0.0,-40.0
2019-07-01,8240,202.0,25.7,25.85,25.5,25.85,47.0,0.0,32.0
2019-07-02,8240,133.0,26.0,26.0,25.6,25.65,12.0,0.0,-42.0
2019-07-03,8240,127.0,25.65,25.8,25.45,25.65,4.16,0.0,-22.0
2019-07-04,8240,102.0,25.65,25.85,25.5,25.8,50.0,0.0,-29.0
2019-07-05,8240,92.0,25.8,25.85,25.6,25.7,12.0,0.0,4.0
2019-07-08,8240,291.0,25.7,25.85,25.6,25.8,59.0,0.0,-8.0
2019-07-09,8240,333.0,25.3,25.7,25.2,25.3,26.0,0.0,-12.0
2019-07-10,8240,203.0,25.3,25.6,25.15,25.5,42.0,0.0,-18.0
2019-07-11,8240,821.0,25.7,26.7,25.6,26.7,104.0,0.0,113.0
2019-07-12,8240,2364.0,27.6,28.75,27.6,28.1,60.0,0.0,-23.0
2019-07-15,8240,668.0,28.1,28.4,27.55,28.35,64.0,0.0,39.0
2019-07-16,8240,393.0,28.5,28.5,28.0,28.1,32.0,0.0,-43.0
2019-07-17,8240,184.0,28.35,28.35,27.85,28.05,17.0,0.0,-27.0
2019-07-18,8240,466.0,28.05,28.1,26.9,27.4,84.0,0.0,13.0
2019-07-19,8240,197.0,27.3,27.75,27.25,27.45,40.0,0.0,-29.0
2019-07-22,8240,188.0,27.1,27.9,27.1,27.5,66.0,0.0,-14.0
2019-07-23,8240,1325.0,27.65,29.6,27.65,28.3,116.0,0.0,187.0
2019-07-24,8240,390.0,28.35,28.75,28.1,28.4,69.0,0.0,-49.0
2019-07-25,8240,407.0,28.4,29.05,28.4,29.05,73.0,0.0,28.0
2019-07-26,8240,289.0,29.1,29.3,28.65,28.65,-25.0,0.0,-10.0
2019-07-29,8240,171.0,28.8,29.05,28.35,28.4,25.0,0.0,-11.0
2019-07-30,8240,371.0,28.75,28.75,27.15,27.3,34.0,0.0,-113.0
2019-07-31,8240,240.0,27.3,28.0,27.3,27.95,49.0,0.0,-90.0
2019-08-01,8240,108.0,27.65,28.05,27.55,27.7,4.0,0.0,-15.0
2019-08-02,8240,189.0,27.7,27.7,26.65,27.15,-25.0,0.0,-10.0
2019-08-05,8240,292.0,27.0,27.1,26.1,26.3,-5.0,0.0,-28.0
2019-08-06,8240,180.0,24.6,26.4,24.6,26.2,27.0,0.0,-27.0
2019-08-07,8240,131.0,26.25,27.05,26.25,26.9,0.0,0.0,-1.0
2019-08-08,8240,113.0,26.9,27.35,26.7,26.7,-16.0,0.0,-22.0
2019-08-12,8240,141.0,26.7,27.35,26.7,26.8,-5.0,0.0,6.0
2019-08-13,8240,647.0,25.1,25.7,24.7,24.8,-69.0,0.0,-58.0
2019-08-14,8240,294.0,24.95,25.0,24.15,24.4,40.0,0.0,-23.0
2019-08-15,8240,145.0,23.8,24.1,23.65,24.05,8.0,0.0,-3.0
2019-08-16,8240,51.0,24.05,24.5,24.05,24.15,-8.0,0.0,-2.0
2019-08-19,8240,48.0,24.15,24.55,24.15,24.5,-4.0,0.0,-5.0
2019-08-20,8240,117.0,24.65,24.9,24.5,24.5,0.0,0.0,-15.0
2019-08-21,8240,52.0,24.5,24.55,24.4,24.45,-6.0,0.0,0.0
2019-08-22,8240,54.0,24.45,24.8,24.1,24.1,-8.0,0.0,-5.0
2019-08-23,8240,52.0,24.1,24.5,23.95,24.5,-6.0,0.0,2.0
2019-08-26,8240,95.0,23.8,24.2,23.8,24.0,-31.0,0.0,-15.0
2019-08-27,8240,46.0,24.05,24.15,23.9,23.95,-8.0,0.0,-3.0
2019-08-28,8240,181.0,23.9,24.3,23.85,24.3,2.0,0.0,12.0
2019-08-29,8240,156.0,24.3,24.7,24.0,24.35,-16.0,0.0,-3.0
2019-08-30,8240,209.0,24.4,24.5,24.15,24.4,-16.0,0.0,-13.0
2019-09-02,8240,157.0,22.5,24.2,22.5,24.15,9.0,0.0,-72.0
2019-09-03,8240,98.0,24.1,24.1,23.85,24.0,-14.0,0.0,-30.0
2019-09-04,8240,45.0,24.0,24.2,23.9,24.2,0.0,0.0,3.0
2019-09-05,8240,96.0,24.2,24.75,24.2,24.3,-2.0,0.0,10.0
2019-09-06,8240,88.0,24.3,24.35,24.0,24.35,3.0,0.0,5.0
2019-09-09,8240,61.0,24.4,24.4,24.15,24.25,-8.0,0.0,5.0
2019-09-10,8240,48.0,24.3,24.3,24.05,24.2,-11.0,0.0,4.0
2019-09-11,8240,45.0,23.8,24.1,23.8,24.1,-4.0,0.0,15.0
2019-09-12,8240,34.0,23.95,24.1,23.95,24.1,0.0,0.0,-2.0
2019-09-16,8240,64.0,23.95,24.0,23.9,23.9,-11.0,0.0,10.0
2019-09-17,8240,34.0,23.85,24.0,23.8,23.9,-5.0,0.0,-7.0
2019-09-18,8240,55.0,23.85,23.95,23.85,23.9,-4.0,0.0,-9.0
2019-09-19,8240,78.0,23.9,23.9,23.7,23.8,-9.0,0.0,0.0
2019-09-20,8240,107.0,23.7,23.85,23.6,23.7,-2.0,0.0,-4.0
2019-09-23,8240,59.0,23.7,24.1,23.7,23.9,1.0,0.0,10.0
2019-09-24,8240,100.0,23.7,24.25,23.7,24.1,7.0,0.0,-15.0
2019-09-25,8240,45.0,24.1,24.1,23.7,23.9,-7.0,0.0,12.0
2019-09-26,8240,61.0,24.05,24.05,23.6,23.8,-15.0,0.0,1.0
2019-09-27,8240,60.0,23.8,23.8,23.5,23.55,-11.0,0.0,11.0
2019-10-01,8240,55.0,23.55,23.65,23.4,23.6,-1.0,0.0,8.0
2019-10-02,8240,25.0,23.35,23.5,23.3,23.45,-2.0,0.0,2.0
2019-10-03,8240,22.0,23.45,23.6,23.4,23.6,-5.0,0.0,-6.0
2019-10-04,8240,43.0,23.6,23.85,23.25,23.75,-6.0,0.0,0.0
2019-10-07,8240,29.0,23.75,23.75,23.45,23.75,-7.0,0.0,1.0
2019-10-08,8240,71.0,23.5,24.45,23.4,23.75,-8.0,0.0,5.0
2019-10-09,8240,18.0,23.35,23.55,23.35,23.55,-4.0,0.0,-6.0
2019-10-14,8240,91.0,24.35,24.4,23.95,23.95,0.0,0.0,-19.0
2019-10-15,8240,123.0,24.1,24.4,24.0,24.2,6.0,0.0,0.0
2019-10-16,8240,133.0,24.4,24.5,24.25,24.45,3.0,0.0,27.0
2019-10-17,8240,511.0,25.5,25.5,24.9,25.05,-8.0,0.0,38.0
2019-10-18,8240,95.0,25.2,25.2,24.75,25.0,-7.0,0.0,-5.0
2019-10-21,8240,90.0,25.1,25.2,24.95,25.15,-5.0,0.0,15.0
2019-10-22,8240,63.0,25.25,25.25,24.95,25.0,-4.0,0.0,-21.0
2019-10-23,8240,109.0,25.1,25.2,24.7,25.05,-1.0,0.0,9.0
2019-10-24,8240,65.0,25.1,25.15,24.85,25.15,0.0,0.0,38.0
2019-10-25,8240,124.0,25.25,25.4,25.1,25.25,-4.0,0.0,21.0
2019-10-28,8240,74.0,25.3,25.4,25.0,25.1,-18.0,0.0,2.0
2019-10-29,8240,133.0,25.2,25.2,24.85,24.9,-4.0,0.0,-33.0
2019-10-30,8240,66.0,24.9,24.9,24.55,24.7,2.0,0.0,1.0
2019-10-31,8240,34.0,24.65,24.95,24.5,24.55,-2.0,0.0,-2.0
2019-11-01,8240,22.0,24.55,24.75,24.45,24.75,-1.0,0.0,-5.0
2019-11-04,8240,135.0,24.85,24.9,24.3,24.75,0.0,0.0,-15.0
2019-11-05,8240,84.0,24.8,25.0,24.5,24.6,0.0,0.0,3.0
2019-11-06,8240,55.0,25.0,25.0,24.55,24.75,-5.0,0.0,-2.0
2019-11-07,8240,86.0,24.6,24.8,24.55,24.7,-8.0,0.0,-8.0
2019-11-08,8240,21.0,24.75,24.75,24.6,24.65,-1.0,0.0,1.0
2019-11-11,8240,598.0,25.05,25.25,24.85,25.05,-6.0,0.0,19.0
2019-11-12,8240,1707.0,25.1,27.25,25.1,25.5,-49.0,0.0,272.0
2019-11-13,8240,384.0,25.65,26.15,25.25,25.35,-7.0,0.0,-4.0
2019-11-14,8240,559.0,25.5,26.0,25.15,25.5,5.0,0.0,90.0
2019-11-15,8240,692.0,28.0,28.05,27.7,28.05,16.0,0.0,117.0
2019-11-18,8240,4195.0,29.4,30.6,29.15,29.5,-39.0,0.0,81.0
2019-11-19,8240,831.0,29.1,29.85,29.0,29.45,32.0,0.0,11.0
2019-11-20,8240,3760.0,29.65,31.25,29.65,30.2,19.0,0.0,185.0
2019-11-21,8240,1382.0,30.5,31.2,29.8,30.7,-7.0,0.0,-2.0
2019-11-22,8240,918.0,30.7,31.0,29.7,30.35,10.0,0.0,-50.0
2019-11-25,8240,1022.0,30.4,31.3,30.2,30.75,14.0,0.0,79.0
2019-11-26,8240,1136.0,30.6,31.15,30.0,30.0,-7.0,0.0,-100.0
2019-11-27,8240,602.0,30.1,30.35,29.7,30.0,112.0,0.0,62.0
2019-11-28,8240,663.0,30.3,30.55,29.5,30.55,65.0,0.0,64.0
2019-11-29,8240,1135.0,31.0,31.15,29.8,29.8,-51.0,0.0,37.0
2019-12-02,8240,768.0,29.85,29.95,28.35,28.6,9.0,0.0,-88.0
2019-12-03,8240,263.0,28.4,29.1,28.4,28.65,51.0,0.0,-29.0
2019-12-04,8240,138.0,29.0,29.0,28.45,28.65,3.0,0.0,-7.0
2019-12-05,8240,409.0,28.9,29.2,28.65,28.7,14.0,0.0,-71.0
2019-12-06,8240,437.0,29.15,29.75,29.15,29.5,-6.0,0.0,83.0
2019-12-09,8240,266.0,29.8,29.8,29.1,29.35,-22.0,0.0,24.0
2019-12-10,8240,713.0,29.6,29.6,28.2,28.2,3.0,0.0,48.0
2019-12-11,8240,239.0,28.2,28.5,28.15,28.5,23.0,0.0,21.0
2019-12-12,8240,433.0,28.65,28.75,27.75,27.95,-5.0,0.0,-4.0
2019-12-13,8240,240.0,28.1,28.2,27.45,27.95,1.0,0.0,37.0
2019-12-16,8240,225.0,28.3,28.4,27.95,28.05,-7.0,0.0,27.0
2019-12-17,8240,227.0,28.0,28.55,28.0,28.4,22.0,0.0,-19.0
2019-12-18,8240,1908.0,28.55,30.8,28.15,29.8,0.0,0.0,159.0
2019-12-19,8240,615.0,29.8,29.8,28.95,28.95,-62.0,0.0,-35.0
2019-12-20,8240,459.0,29.1,29.75,29.0,29.2,-30.0,0.0,145.0
2019-12-23,8240,382.0,29.5,29.5,28.35,28.35,-42.0,0.0,-6.0
2019-12-24,8240,171.0,28.55,28.65,28.2,28.35,-18.0,0.0,-60.0
2019-12-25,8240,151.0,28.8,28.9,28.5,28.8,5.0,0.0,29.0
2019-12-26,8240,151.0,29.0,29.0,28.35,28.45,2.0,0.0,-37.0
2019-12-27,8240,158.0,28.8,28.8,28.55,28.75,2.0,0.0,-33.0
2019-12-30,8240,164.0,28.6,28.7,28.35,28.4,10.0,0.0,-50.0
2019-12-31,8240,53.0,28.3,28.4,28.25,28.35,-3.0,0.0,-2.0
2020-01-02,8240,64.0,28.25,28.6,28.25,28.4,4.0,0.0,-11.0
2020-01-03,8240,144.0,28.7,29.1,28.15,28.5,-12.0,0.0,-18.0
2020-01-06,8240,179.0,28.3,28.5,27.8,28.2,-21.0,0.0,14.0
2020-01-07,8240,169.0,28.35,28.35,27.5,27.6,-28.0,0.0,-2.0
2020-01-08,8240,183.0,27.6,27.6,26.8,27.15,-1.0,0.0,8.0
2020-01-09,8240,186.0,28.0,28.1,27.6,27.9,15.0,0.0,13.0
2020-01-10,8240,157.0,28.0,28.45,27.95,28.0,3.0,0.0,15.0
2020-01-13,8240,167.0,28.05,28.2,27.75,28.2,25.0,0.0,-16.0
2020-01-14,8240,138.0,28.25,28.25,27.95,27.95,16.0,0.0,-1.0
2020-01-15,8240,66.0,28.25,28.25,27.9,27.9,7.0,0.0,-7.0
2020-01-16,8240,1182.0,28.1,29.55,28.1,29.3,44.0,0.0,57.0
2020-01-17,8240,895.0,29.5,29.75,29.1,29.1,2.0,0.0,8.0
2020-01-20,8240,181.0,29.4,29.4,28.9,28.9,2.0,0.0,-23.0
2020-01-30,8240,499.0,26.1,26.8,26.05,26.05,-29.0,0.0,-115.0
2020-01-31,8240,275.0,26.0,26.55,25.3,25.6,-10.0,0.0,0.0
2020-02-03,8240,430.0,24.6,25.1,24.25,24.75,12.0,0.0,2.0
2020-02-04,8240,171.0,24.8,25.9,24.8,25.2,-13.0,0.0,1.0
2020-02-05,8240,190.0,25.4,25.85,25.05,25.2,-2.0,0.0,-12.0
2020-02-06,8240,194.0,25.7,26.15,25.4,26.1,9.0,0.0,-29.0
2020-02-07,8240,99.0,26.1,26.1,25.55,25.55,-12.0,0.0,-17.0
2020-02-10,8240,186.0,25.2,25.35,24.6,25.05,3.0,0.0,-2.0
2020-02-11,8240,219.0,26.5,26.5,25.75,25.8,-21.0,0.0,-11.0
2020-02-12,8240,217.0,26.0,26.35,25.9,26.2,21.0,0.0,-68.0
2020-02-13,8240,126.0,26.5,26.5,26.0,26.05,2.0,0.0,8.0
2020-02-14,8240,122.0,26.25,26.65,26.2,26.25,12.0,0.0,-25.0
2020-02-17,8240,91.0,26.25,26.3,25.85,25.9,-12.0,0.0,-10.0
2020-02-18,8240,75.0,25.9,26.2,25.7,25.85,-8.0,0.0,-3.0
2020-02-19,8240,80.0,26.0,26.35,25.9,26.15,6.0,0.0,13.0
2020-02-20,8240,61.0,26.3,26.3,26.05,26.05,-3.0,0.0,-15.0
2020-02-21,8240,142.0,25.75,25.9,25.6,25.65,-19.0,0.0,26.0
2020-02-24,8240,67.0,25.4,25.5,25.3,25.45,-7.0,0.0,-9.0
2020-02-25,8240,141.0,25.15,25.45,25.05,25.4,-14.0,0.0,-16.0
2020-02-26,8240,165.0,25.1,25.2,25.05,25.1,-12.0,0.0,-37.0
2020-02-27,8240,187.0,25.15,25.15,24.5,24.5,-39.0,0.0,-12.0
2020-03-02,8240,107.0,24.0,24.45,23.9,24.35,2.0,0.0,0.0
2020-03-03,8240,82.0,24.55,24.85,24.5,24.55,-18.0,0.0,5.0
2020-03-04,8240,128.0,24.1,24.45,24.1,24.45,-2.0,0.0,49.0
2020-03-05,8240,143.0,24.85,25.0,24.55,25.0,6.0,0.0,-8.0
2020-03-06,8240,108.0,24.7,24.8,24.3,24.35,-5.0,0.0,20.0
2020-03-09,8240,220.0,24.3,24.3,23.55,23.8,-10.0,0.0,23.0
2020-03-10,8240,149.0,23.75,23.75,23.1,23.45,2.0,0.0,23.0
2020-03-11,8240,82.0,23.65,23.7,23.3,23.3,0.0,0.0,-16.0
2020-03-12,8240,299.0,23.3,23.3,21.3,21.8,0.0,0.0,-151.0
2020-03-13,8240,274.0,19.7,21.5,19.7,20.25,15.0,0.0,-99.0
2020-03-16,8240,121.0,20.3,20.3,19.55,19.55,-13.0,0.0,-18.0
2020-03-17,8240,206.0,17.65,18.65,17.65,18.3,19.0,0.0,-12.0
2020-03-18,8240,107.0,18.3,18.35,18.0,18.0,-5.0,0.0,-34.0
2020-03-19,8240,355.0,17.6,17.85,16.2,16.2,-2.0,0.0,-136.0
2020-03-20,8240,195.0,16.5,17.5,16.5,17.35,23.0,0.0,22.0
2020-03-23,8240,58.0,17.0,17.1,16.35,17.0,3.0,0.0,-21.0
2020-03-24,8240,102.0,17.5,17.9,17.5,17.7,13.0,0.0,-19.0
2020-03-25,8240,227.0,18.7,19.15,18.55,18.75,2.0,0.0,19.0
2020-03-26,8240,156.0,19.0,19.25,18.65,19.2,18.0,0.0,0.0
2020-03-27,8240,191.0,19.5,19.85,19.05,19.1,-27.0,0.0,15.0
2020-03-30,8240,154.0,18.55,18.95,18.3,18.9,32.0,0.0,14.0
2020-03-31,8240,56.0,19.3,19.3,18.95,19.0,4.0,0.0,-11.0
2020-04-01,8240,117.0,18.65,19.2,18.65,19.0,-15.42,0.0,6.0
2020-04-06,8240,108.0,18.95,19.45,18.95,19.3,12.0,0.0,6.0
2020-04-07,8240,132.0,19.85,20.3,19.5,20.0,7.0,0.0,-19.0
2020-04-08,8240,105.0,20.0,20.85,20.0,20.8,4.0,0.0,-6.0
2020-04-09,8240,247.0,21.2,21.45,20.95,21.1,-33.0,0.0,16.0
2020-04-10,8240,56.0,21.45,21.45,20.85,21.05,-3.0,0.0,7.0
2020-04-13,8240,88.0,20.85,20.85,20.6,20.8,4.0,0.0,16.0
2020-04-14,8240,892.0,21.0,22.85,21.0,22.85,2.0,0.0,189.0
2020-04-15,8240,674.0,23.0,23.15,22.0,22.35,-25.0,0.0,-42.0
2020-04-16,8240,95.0,22.2,22.55,22.05,22.4,-1.0,0.0,-7.0
2020-04-17,8240,373.0,22.8,22.95,22.6,22.7,-21.0,0.0,7.0
2020-04-20,8240,72.0,22.7,22.85,22.55,22.65,1.0,0.0,28.0
2020-04-21,8240,216.0,22.65,22.65,21.65,21.75,-15.0,0.0,-48.0
2020-04-22,8240,86.0,21.25,22.1,21.25,21.95,7.0,0.0,1.0
2020-04-23,8240,73.0,22.2,22.35,22.05,22.35,-7.0,0.0,-6.0
2020-04-24,8240,54.0,22.3,22.35,22.2,22.3,0.0,0.0,-4.0
2020-04-27,8240,148.0,22.45,22.7,22.3,22.65,23.0,0.0,5.0
2020-04-28,8240,108.0,22.6,22.75,22.55,22.7,4.0,0.0,-4.0
2020-04-29,8240,194.0,23.05,23.75,23.05,23.3,6.0,0.0,-18.0
2020-04-30,8240,217.0,23.5,23.95,23.5,23.8,12.0,0.0,0.0
2020-05-04,8240,65.0,23.5,23.7,23.1,23.6,-2.0,0.0,5.0
2020-05-05,8240,89.0,23.8,23.8,23.5,23.65,-4.0,0.0,11.0
2020-05-06,8240,77.0,23.65,23.7,23.4,23.5,0.0,0.0,11.0
2020-05-07,8240,172.0,23.7,24.3,23.6,24.2,14.0,0.0,1.0
2020-05-08,8240,107.0,24.4,24.55,24.1,24.15,-17.0,0.0,13.0
2020-05-11,8240,197.0,24.3,24.5,24.2,24.4,24.0,0.0,11.0
2020-05-12,8240,383.0,25.3,25.4,24.7,24.9,-14.0,0.0,20.0
2020-05-13,8240,156.0,24.9,25.0,24.8,24.95,-3.0,0.0,29.0
2020-05-14,8240,156.0,25.0,25.05,24.2,24.2,-23.0,0.0,-10.0
2020-05-15,8240,103.0,24.7,24.75,23.85,24.0,-8.0,0.0,10.0
2020-05-18,8240,58.0,23.8,24.15,23.8,23.95,0.0,0.0,-6.0
2020-05-19,8240,80.0,24.2,24.2,23.9,24.2,6.0,0.0,9.0
2020-05-20,8240,61.0,24.2,24.2,24.0,24.2,6.0,0.0,-1.0
2020-05-21,8240,65.0,24.35,24.4,24.25,24.25,-1.0,0.0,-14.0
2020-05-22,8240,71.0,24.45,24.45,24.0,24.0,-13.0,0.0,-13.0
2020-05-25,8240,45.0,24.0,24.1,24.0,24.1,1.0,0.0,13.0
2020-05-26,8240,95.0,24.2,24.35,24.1,24.35,-4.0,0.0,0.0
2020-05-27,8240,80.0,24.95,24.95,24.2,24.45,0.0,0.0,12.0
2020-05-28,8240,108.0,24.55,24.6,24.1,24.3,-2.0,0.0,12.0
2020-05-29,8240,56.0,24.55,24.55,24.25,24.25,-1.0,0.0,15.0
2020-06-01,8240,117.0,24.7,24.75,24.55,24.7,13.0,0.0,-22.0
2020-06-02,8240,87.0,24.85,24.9,24.7,24.8,4.0,0.0,-7.0
2020-06-03,8240,236.0,24.9,25.35,24.9,25.3,22.0,0.0,36.0
2020-06-04,8240,180.0,25.65,25.8,25.3,25.4,-19.0,0.0,11.0
2020-06-05,8240,99.0,25.4,25.55,25.25,25.45,11.0,0.0,-19.0
2020-06-08,8240,167.0,25.7,25.7,25.4,25.45,1.0,0.0,5.0
2020-06-09,8240,150.0,25.4,25.4,24.95,25.0,-1.0,0.0,11.0
2020-06-10,8240,147.0,25.0,25.25,24.8,24.8,16.0,0.0,22.0
2020-06-11,8240,154.0,24.8,24.9,24.1,24.1,-6.0,0.0,-64.0
2020-06-12,8240,106.0,23.5,24.15,23.5,24.1,-1.0,0.0,-23.0
2020-06-15,8240,69.0,24.1,24.2,23.85,23.85,0.0,0.0,-11.0
2020-06-16,8240,150.0,24.1,24.8,24.05,24.6,5.0,0.0,-14.0
2020-06-17,8240,89.0,24.5,24.8,24.35,24.8,8.0,37.0,-5.0
2020-06-18,8240,2455.0,25.75,27.25,25.75,25.95,-15.0,0.0,-17.0
2020-06-19,8240,484.0,26.05,26.1,25.2,25.5,-7.0,0.0,-105.0
2020-06-22,8240,171.0,25.65,25.7,25.35,25.5,13.0,0.0,-23.0
2020-06-23,8240,122.0,25.95,25.95,25.5,25.55,-7.0,0.0,-20.0
2020-06-24,8240,84.0,25.75,25.95,25.6,25.7,0.0,0.0,-3.0
2020-06-29,8240,105.0,25.55,25.6,25.3,25.35,0.0,0.0,4.0
2020-06-30,8240,128.0,25.75,25.75,25.35,25.65,9.0,0.0,-20.0
2020-07-01,8240,132.0,25.75,26.0,25.65,25.9,14.0,0.0,16.0
2020-07-02,8240,233.0,25.8,26.15,25.8,26.1,28.0,0.0,8.0
2020-07-03,8240,215.0,26.25,26.3,26.0,26.1,-7.0,0.0,-9.0
2020-07-06,8240,254.0,26.15,26.75,26.15,26.55,27.0,0.0,-3.0
2020-07-07,8240,194.0,26.75,26.75,26.45,26.6,-3.0,0.0,48.0
2020-07-08,8240,496.0,26.6,26.7,26.5,26.55,29.0,0.0,-11.0
2020-07-09,8240,242.0,25.45,25.65,25.4,25.5,0.0,0.0,-3.0
2020-07-10,8240,238.0,25.7,25.7,25.05,25.1,-35.0,0.0,38.0
2020-07-13,8240,127.0,25.15,25.35,25.1,25.3,26.0,0.0,25.0
2020-07-14,8240,86.0,25.3,25.35,25.15,25.25,2.0,0.0,5.0
2020-07-15,8240,274.0,25.4,25.5,24.7,24.75,2.0,0.0,-55.0
2020-07-16,8240,49.0,24.9,24.9,24.75,24.9,9.0,0.0,3.0
2020-07-17,8240,81.0,24.9,25.15,24.35,24.6,-8.0,0.0,-19.0
2020-07-20,8240,39.0,24.35,24.5,24.15,24.5,4.0,0.0,3.0
2020-07-21,8240,137.0,24.35,24.65,24.35,24.45,12.0,0.0,-9.0
2020-07-22,8240,52.0,25.05,25.05,24.45,24.55,7.0,0.0,2.0
2020-07-23,8240,124.0,24.6,24.6,24.35,24.35,12.0,0.0,0.0
2020-07-24,8240,134.0,24.25,24.3,23.8,24.0,-10.0,0.0,-33.0
2020-07-27,8240,120.0,23.9,24.7,23.8,23.95,3.0,0.0,-34.0
2020-07-28,8240,139.0,23.95,24.1,23.55,23.7,-11.0,0.0,-34.0
2020-07-29,8240,127.0,23.75,24.25,23.75,24.25,26.0,0.0,42.0
2020-07-30,8240,69.0,24.3,24.4,24.25,24.25,9.0,0.0,10.0
2020-07-31,8240,45.0,24.3,24.45,24.15,24.3,5.0,0.0,4.0
2020-08-03,8240,108.0,24.35,24.6,24.2,24.55,15.0,0.0,-1.0
2020-08-04,8240,64.0,24.45,24.7,24.45,24.7,9.0,0.0,6.0
2020-08-05,8240,173.0,24.75,25.15,24.75,25.0,1.0,0.0,-24.0
2020-08-06,8240,409.0,25.8,26.05,25.35,25.5,-5.0,0.0,-24.0
2020-08-07,8240,142.0,25.8,25.8,25.15,25.4,10.0,0.0,-3.0
2020-08-10,8240,109.0,25.9,25.9,25.55,25.55,-2.0,0.0,8.0
2020-08-11,8240,136.0,25.6,25.8,25.25,25.75,0.0,0.0,43.0
2020-08-12,8240,135.0,25.75,26.1,25.55,26.1,1.0,0.0,6.0
2020-08-13,8240,182.0,26.3,26.3,25.95,26.15,0.0,0.0,31.0
2020-08-14,8240,250.0,26.15,26.15,25.45,25.85,4.0,0.0,-83.0
2020-08-17,8240,104.0,25.9,26.0,25.85,26.0,16.0,0.0,-22.0
2020-08-18,8240,201.0,26.0,26.15,25.9,26.05,8.0,0.0,-2.0
2020-08-19,8240,245.0,26.35,26.35,26.0,26.0,-5.0,0.0,81.0
2020-08-20,8240,238.0,25.9,25.9,24.7,25.5,-34.0,0.0,-18.0
2020-08-21,8240,190.0,25.7,26.15,25.6,26.0,26.0,0.0,22.0
2020-08-24,8240,259.0,26.0,26.75,25.9,26.75,28.0,0.0,50.0
2020-08-25,8240,803.0,26.9,28.15,26.9,27.2,-25.0,0.0,-66.0
2020-08-26,8240,189.0,27.2,27.2,26.5,26.8,3.0,0.0,17.0
2020-08-27,8240,541.0,27.15,28.1,26.9,28.05,17.0,0.0,66.0
2020-08-28,8240,1213.0,28.3,28.9,27.65,28.75,-2.0,0.0,83.0
2020-08-31,8240,737.0,29.0,29.85,28.6,29.0,-25.0,0.0,-39.0
2020-09-01,8240,244.0,29.05,29.3,28.55,28.9,-4.0,0.0,10.0
2020-09-02,8240,192.0,28.9,29.15,28.55,29.1,11.0,0.0,-2.0
2020-09-03,8240,720.0,29.35,30.1,29.2,29.25,8.0,0.0,141.0
2020-09-04,8240,273.0,28.7,28.95,28.15,28.35,37.0,0.0,43.0
2020-09-07,8240,245.0,28.8,28.8,28.25,28.4,22.0,0.0,12.0
2020-09-08,8240,432.0,29.3,29.3,28.5,28.9,19.0,0.0,-32.0
2020-09-09,8240,156.0,28.6,28.9,28.5,28.65,15.0,0.0,64.0
2020-09-10,8240,217.0,28.75,28.85,28.2,28.55,-4.0,0.0,7.0
2020-09-11,8240,185.0,28.5,28.5,27.7,27.8,-9.0,0.0,-3.0
2020-09-14,8240,122.0,27.9,28.5,27.9,28.4,19.0,0.0,16.0
2020-09-15,8240,60.0,28.2,28.35,28.2,28.3,1.0,0.0,10.0
2020-09-16,8240,189.0,28.4,28.6,28.15,28.3,-1.0,0.0,51.0
2020-09-17,8240,155.0,28.35,28.7,28.2,28.7,20.0,0.0,54.0
2020-09-18,8240,134.0,28.7,28.95,28.55,28.55,1.0,0.0,-18.0
2020-09-21,8240,82.0,28.55,28.8,28.0,28.25,6.0,0.0,-10.0
2020-09-22,8240,262.0,28.2,28.2,27.1,27.8,-1.0,0.0,42.0
2020-09-23,8240,109.0,28.3,28.3,27.35,27.6,0.0,0.0,-14.0
2020-09-24,8240,229.0,27.1,27.6,26.2,26.25,-10.0,0.0,-6.0
2020-09-25,8240,190.0,26.7,26.7,25.3,25.75,18.0,0.0,-25.0
2020-09-28,8240,130.0,25.85,26.8,25.85,26.7,-8.0,0.0,-16.0
2020-09-29,8240,97.0,26.7,27.5,26.5,26.5,-27.0,0.0,12.0
2020-09-30,8240,41.0,26.4,27.05,26.3,26.9,-1.0,0.0,4.0
2020-10-05,8240,54.0,26.5,27.05,26.5,27.0,-1.0,0.0,17.0
2020-10-06,8240,36.0,27.1,27.6,27.05,27.3,-2.0,0.0,-13.0
2020-10-07,8240,36.0,27.4,27.4,27.2,27.35,-9.0,0.0,-1.0
2020-10-08,8240,633.0,28.4,28.6,27.95,28.45,3.0,0.0,105.0
2020-10-12,8240,706.0,28.8,29.2,28.7,28.9,-18.0,0.0,29.0
2020-10-13,8240,825.0,29.5,29.85,29.15,29.75,6.0,0.0,6.0
2020-10-14,8240,1615.0,29.9,31.05,29.8,30.9,39.0,0.0,212.0
2020-10-15,8240,1644.0,31.2,31.8,30.9,31.35,0.0,0.0,169.0
2020-10-16,8240,1224.0,31.6,31.75,30.2,30.9,136.0,0.0,41.0
2020-10-19,8240,4385.0,31.7,33.5,31.55,32.15,-42.0,0.0,-165.0
2020-10-20,8240,734.0,32.1,32.1,31.25,31.6,4.0,0.0,-95.0
2020-10-21,8240,340.0,31.9,31.95,31.45,31.5,36.0,0.0,-44.0
2020-10-22,8240,364.0,31.4,31.7,30.85,31.15,71.0,0.0,-24.0
2020-10-23,8240,684.0,31.6,32.35,31.25,32.3,153.0,0.0,-45.0
2020-10-26,8240,455.0,32.7,32.9,31.75,31.75,-21.0,0.0,-86.0
2020-10-27,8240,3452.0,31.8,34.9,31.75,34.05,233.0,0.0,128.0
2020-10-28,8240,2716.0,34.05,35.5,32.75,33.55,-142.0,0.0,-7.0
2020-10-29,8240,1088.0,32.05,32.75,31.55,32.05,13.0,0.0,-80.0
2020-10-30,8240,664.0,32.5,32.5,31.2,31.2,-76.0,0.0,-117.0
2020-11-02,8240,488.0,31.5,31.5,30.5,30.85,136.0,0.0,-46.0
2020-11-03,8240,181.0,31.25,31.55,31.2,31.4,5.0,0.0,-23.0
2020-11-04,8240,219.0,31.65,31.65,30.85,31.2,-28.0,0.0,-6.0
2020-11-05,8240,196.0,31.3,31.6,31.0,31.2,-35.0,0.0,9.0
2020-11-06,8240,349.0,31.5,31.95,31.25,31.35,7.0,0.0,-26.0
2020-11-09,8240,390.0,31.35,32.35,31.35,32.2,65.0,0.0,32.0
2020-11-10,8240,328.0,32.3,32.4,31.45,31.6,-35.0,0.0,-31.0
2020-11-11,8240,548.0,31.15,31.2,30.5,30.5,1.0,0.0,-50.0
2020-11-12,8240,1422.0,30.15,30.45,28.6,28.95,35.0,0.0,-178.0
2020-11-13,8240,373.0,28.8,29.3,28.8,29.15,27.0,0.0,27.0
2020-11-16,8240,283.0,29.2,29.2,28.8,29.0,25.0,0.0,0.0
2020-11-17,8240,516.0,29.45,29.45,28.8,28.9,-51.0,0.0,1.0
2020-11-18,8240,259.0,29.0,29.1,28.8,28.8,-32.0,0.0,-1.0
2020-11-19,8240,318.0,28.9,29.35,28.85,29.35,-3.0,0.0,19.0
2020-11-20,8240,339.0,29.4,29.5,29.05,29.5,-37.0,0.0,52.0
2020-11-23,8240,611.0,29.7,30.15,29.65,30.1,-25.0,0.0,61.0
2020-11-24,8240,345.0,30.25,30.25,29.8,29.95,-74.0,0.0,8.0
2020-11-25,8240,385.0,30.1,30.15,29.8,29.9,-20.0,0.0,-33.0
2020-11-26,8240,267.0,29.8,30.05,29.8,29.8,19.0,0.0,-28.0
2020-11-27,8240,1799.0,29.8,32.4,29.8,32.05,-18.0,0.0,474.0
2020-11-30,8240,1539.0,32.25,33.9,32.0,32.05,-166.0,0.0,-39.0
2020-12-01,8240,696.0,32.0,32.7,31.4,31.95,11.0,0.0,-56.0
2020-12-02,8240,4987.0,32.3,35.1,32.15,35.1,75.0,0.0,1221.0
2020-12-03,8240,8926.0,35.95,37.8,35.15,35.15,-284.0,0.0,-776.0
2020-12-04,8240,2569.0,35.45,36.5,34.4,36.5,154.0,0.0,229.0
2020-12-07,8240,11736.0,38.4,40.15,38.4,40.15,-105.0,0.0,361.0
2020-12-08,8240,5934.0,40.55,41.7,38.9,40.8,-90.9,0.0,-89.0
2020-12-09,8240,2876.0,40.8,41.45,39.65,40.2,14.0,0.0,-156.0
2020-12-10,8240,2012.0,40.3,40.75,38.5,39.45,58.0,0.0,-427.0
2020-12-11,8240,1963.0,39.95,40.2,36.6,37.7,350.0,0.0,-419.0
2020-12-14,8240,1103.0,38.35,39.35,38.0,38.5,23.0,0.0,83.0
2020-12-15,8240,920.0,38.9,38.9,36.5,36.5,23.0,0.0,-153.0
2020-12-16,8240,926.0,37.0,38.5,37.0,37.5,240.0,0.0,6.0
2020-12-17,8240,1078.0,38.95,39.35,37.9,38.1,-158.95,0.0,7.0
2020-12-18,8240,810.0,38.35,38.35,36.5,37.0,-7.0,0.0,-28.0
2020-12-21,8240,537.0,37.0,37.25,35.8,37.1,129.0,0.0,4.0
2020-12-22,8240,644.0,36.25,37.5,35.7,35.75,-68.0,0.0,-43.0
2020-12-23,8240,428.0,35.6,36.6,35.6,36.3,133.98,0.0,-17.0
2020-12-24,8240,411.0,36.75,37.1,36.6,36.65,56.0,0.0,0.0
2020-12-25,8240,1322.0,37.05,38.6,37.05,37.5,-161.0,0.0,84.0
2020-12-28,8240,700.0,37.9,37.9,36.75,37.1,-32.0,0.0,70.0
2020-12-29,8240,618.0,37.5,37.95,37.05,37.5,-59.0,0.0,112.0
2020-12-30,8240,821.0,37.65,37.7,36.0,36.3,-53.0,0.0,-272.0
2020-12-31,8240,836.0,36.3,36.4,35.15,35.4,42.0,0.0,-70.0
2021-01-04,8240,449.0,35.5,35.6,35.15,35.5,59.0,0.0,-29.0
2021-01-05,8240,456.0,35.55,35.95,35.25,35.95,103.05,0.0,6.0
2021-01-06,8240,539.0,36.3,36.5,34.5,34.85,-92.0,0.0,-25.0
2021-01-07,8240,261.0,35.25,35.45,34.85,35.3,38.0,0.0,12.0
2021-01-08,8240,619.0,35.8,35.95,34.8,35.05,-42.0,0.0,42.0
2021-01-11,8240,358.0,35.0,35.3,34.7,34.95,20.0,0.0,15.0
2021-01-12,8240,456.0,35.2,35.2,33.95,34.05,-54.95,0.0,0.0
2021-01-13,8240,496.0,34.4,35.85,34.4,35.35,151.0,0.0,5.0
2021-01-14,8240,272.0,35.85,35.85,34.85,35.2,-82.0,0.0,26.0
2021-01-15,8240,441.0,35.2,35.2,33.8,34.0,-106.0,0.0,6.0
2021-01-18,8240,299.0,34.0,34.15,32.0,34.0,85.0,0.0,-17.0
2021-01-19,8240,285.0,34.3,34.3,33.45,33.6,-36.0,0.0,26.0
2021-01-20,8240,659.0,34.25,34.25,30.85,31.85,-34.1,0.0,-13.0
2021-01-21,8240,319.0,31.45,32.75,31.35,31.35,20.0,0.0,-9.0
2021-01-22,8240,379.0,31.35,32.0,30.9,31.8,153.0,0.0,8.0
2021-01-25,8240,221.0,32.5,32.9,32.0,32.75,62.0,0.0,-5.0
2021-01-26,8240,336.0,33.2,34.0,32.6,33.5,12.9,0.0,-15.0
2021-01-27,8240,235.0,33.6,33.6,32.2,32.4,-58.03,0.0,24.0
2021-01-28,8240,143.0,31.9,32.45,31.9,32.1,24.0,0.0,7.0
2021-01-29,8240,229.0,32.5,32.6,31.95,32.0,16.0,0.0,3.0
2021-02-01,8240,181.0,32.25,32.25,31.1,31.3,-49.0,0.0,18.0
2021-02-02,8240,194.0,31.5,31.75,31.3,31.4,23.0,0.0,18.0
2021-02-03,8240,195.0,31.4,32.65,31.3,32.0,3.0,0.0,-7.0
2021-02-04,8240,288.0,32.75,32.9,32.3,32.4,-35.0,0.0,-14.0
2021-02-05,8240,145.0,32.5,32.75,32.45,32.7,7.0,0.0,-32.0
2021-02-17,8240,188.0,33.25,33.45,32.9,33.25,69.0,0.0,-3.0
2021-02-18,8240,485.0,33.25,34.45,33.25,34.2,129.0,0.0,-12.0
2021-02-19,8240,305.0,34.45,34.55,33.65,34.5,3.0,0.0,31.0
2021-02-22,8240,412.0,34.8,36.0,34.8,35.2,-49.0,0.0,54.0
2021-02-23,8240,1018.0,35.2,36.55,34.55,36.2,-83.0,0.0,223.0
2021-02-24,8240,2049.0,37.75,37.75,36.1,36.55,-245.0,0.0,-82.0
2021-02-25,8240,623.0,36.6,36.9,35.9,35.95,-30.0,0.0,-21.0
2021-02-26,8240,286.0,35.55,35.55,35.05,35.3,26.0,0.0,-6.0
2021-03-02,8240,282.0,35.85,35.85,35.1,35.3,-56.0,0.0,65.0
2021-03-03,8240,345.0,35.3,35.3,34.0,34.95,62.0,0.0,-8.0
2021-03-04,8240,244.0,34.85,35.25,34.3,34.85,5.0,0.0,17.0
2021-03-05,8240,203.0,34.3,34.6,34.25,34.25,-5.0,0.0,-40.0
2021-03-08,8240,231.0,34.75,35.5,34.4,34.5,67.0,0.0,-13.0
2021-03-09,8240,178.0,34.4,35.1,34.2,34.75,-35.0,0.0,24.0
2021-03-10,8240,130.0,35.0,35.0,34.55,34.65,-6.0,0.0,-18.0
2021-03-11,8240,254.0,34.7,35.1,34.7,34.9,26.0,0.0,-51.0
2021-03-12,8240,537.0,34.9,36.0,34.45,34.75,-175.0,0.0,19.0
2021-03-15,8240,1800.0,35.0,36.95,34.7,36.5,91.0,0.0,12.0
2021-03-16,8240,775.0,36.5,37.2,35.65,36.1,-178.0,0.0,1.0
2021-03-17,8240,244.0,35.9,36.3,35.7,35.8,34.0,0.0,16.0
2021-03-18,8240,287.0,35.8,36.25,35.5,35.8,-2.0,0.0,16.0
2021-03-19,8240,213.0,35.7,36.1,35.3,35.8,-20.85,0.0,25.0
2021-03-22,8240,567.0,35.8,36.8,35.2,36.3,111.0,0.0,-6.0
2021-03-23,8240,546.0,37.0,37.15,35.65,35.7,-162.0,0.0,114.0
2021-03-24,8240,190.0,35.35,35.95,35.3,35.9,-6.0,0.0,16.0
2021-03-25,8240,328.0,36.1,36.15,35.35,35.35,-20.0,0.0,-53.0
2021-03-26,8240,254.0,35.7,35.7,35.3,35.5,34.0,0.0,7.0
2021-03-29,8240,668.0,35.7,36.4,35.4,36.1,229.0,0.0,-7.0
2021-03-30,8240,814.0,36.4,36.95,36.25,36.5,7.0,0.0,1.0
2021-03-31,8240,399.0,36.75,36.75,35.95,36.05,-42.0,0.0,-57.0
2021-04-01,8240,318.0,36.1,36.25,35.8,36.1,55.0,0.0,29.0
2021-04-06,8240,910.0,36.5,37.0,36.05,36.8,161.0,0.0,-6.0
2021-04-07,8240,4425.0,37.0,40.45,36.75,40.45,-225.0,0.0,387.0
2021-04-08,8240,8799.0,43.5,44.45,41.3,41.65,-29.0,0.0,367.0
2021-04-09,8240,2568.0,40.15,40.15,40.15,40.15,-35.15,0.0,-186.0
2021-04-12,8240,1608.0,40.1,40.4,38.9,39.1,-290.0,0.0,109.0
2021-04-13,8240,774.0,39.6,39.6,38.25,38.3,-164.0,0.0,83.0
2021-04-14,8240,2245.0,38.3,38.45,35.3,36.35,-54.0,0.0,-262.0
2021-04-15,8240,474.0,36.4,37.35,36.35,37.0,-50.0,0.0,-43.0
2021-04-16,8240,485.0,37.2,37.5,36.65,37.5,42.0,0.0,-30.0
2021-04-19,8240,675.0,37.75,38.2,37.15,37.9,42.0,0.0,14.0
2021-04-20,8240,721.0,38.1,38.5,37.7,38.4,117.0,0.0,23.0
2021-04-21,8240,746.0,38.4,39.45,38.3,38.95,62.0,0.0,-46.0
2021-04-22,8240,1053.0,39.6,39.6,37.0,37.2,-163.0,0.0,-124.0
2021-04-23,8240,679.0,37.3,38.2,37.0,37.25,260.0,0.0,-89.0
2021-04-26,8240,625.0,37.95,38.75,37.85,38.7,166.0,0.0,-28.0
2021-04-27,8240,995.0,39.15,39.8,38.4,39.1,53.0,0.0,-43.0
2021-04-28,8240,1428.0,39.6,41.05,38.9,40.75,248.0,0.0,2.0
2021-04-29,8240,1816.0,41.45,41.65,39.6,40.0,-696.0,0.0,426.0
2021-05-03,8240,2362.0,40.5,41.75,39.0,39.25,87.0,0.0,-54.0
2021-05-04,8240,1232.0,39.25,40.0,35.35,36.45,-47.0,0.0,-209.0
2021-05-05,8240,584.0,36.45,37.05,34.55,35.4,-49.0,0.0,-27.0
2021-05-06,8240,390.0,35.9,36.4,34.8,35.05,-64.0,0.0,20.0
2021-05-07,8240,371.0,35.5,37.15,35.15,37.05,102.0,0.0,-8.0
2021-05-10,8240,421.0,37.05,37.05,35.8,35.8,-128.0,0.0,-5.0
2021-05-11,8240,716.0,36.1,36.6,34.0,34.75,-53.0,0.0,-42.0
2021-05-12,8240,1574.0,34.35,34.45,31.3,31.55,-92.0,0.0,105.0
2021-05-13,8240,608.0,30.5,32.05,30.15,31.25,-61.0,0.0,-80.0
2021-05-14,8240,422.0,32.0,32.8,30.75,31.25,-178.0,0.0,25.0
2021-05-17,8240,1089.0,28.35,30.35,28.15,28.25,64.0,0.0,0.0
2021-05-18,8240,436.0,28.6,31.0,28.6,31.0,200.0,0.0,-42.0
2021-05-19,8240,431.0,30.95,32.2,30.3,32.1,60.0,0.0,0.0
2021-05-20,8240,231.0,32.0,32.2,31.2,31.3,-38.0,0.0,4.0
2021-05-21,8240,160.0,31.7,32.4,31.3,31.9,-14.0,0.0,3.0
2021-05-24,8240,128.0,31.8,32.55,31.7,32.25,57.0,0.0,-4.0
2021-05-25,8240,253.0,32.75,33.35,32.25,32.7,60.0,0.0,45.0
2021-05-26,8240,141.0,32.75,32.85,32.45,32.65,5.0,0.0,4.0
2021-05-27,8240,108.0,32.55,32.8,32.3,32.45,32.0,0.0,-3.0
2021-05-28,8240,279.0,32.8,33.3,32.6,33.0,98.0,0.0,-28.0
2021-05-31,8240,316.0,33.35,34.1,33.25,33.6,34.0,0.0,23.0
2021-06-01,8240,213.0,33.75,34.2,33.6,34.2,70.0,0.0,24.0
2021-06-02,8240,225.0,34.1,34.1,33.3,33.85,-77.0,0.0,-6.0
2021-06-03,8240,166.0,33.85,34.0,33.3,33.5,32.0,0.0,5.0
2021-06-04,8240,98.0,33.5,33.5,33.15,33.2,9.0,0.0,0.0
2021-06-07,8240,179.0,33.25,33.25,32.1,32.65,-38.0,0.0,-7.0
2021-06-08,8240,46.0,33.05,33.1,32.7,33.0,16.0,0.0,-6.0
2021-06-09,8240,137.0,32.6,33.15,32.55,32.7,14.0,0.0,-8.0
2021-06-10,8240,220.0,33.1,33.7,33.1,33.4,33.0,0.0,2.0
2021-06-11,8240,177.0,33.75,33.75,33.2,33.4,12.0,0.0,-11.0
2021-06-15,8240,142.0,33.6,33.85,33.35,33.7,14.0,0.0,75.0
2021-06-16,8240,196.0,34.05,34.4,33.7,33.8,-26.0,0.0,15.0
2021-06-17,8240,294.0,33.8,34.95,33.7,34.8,91.0,0.0,-25.0
2021-06-18,8240,137.0,35.0,35.1,34.35,34.55,-27.0,0.0,5.0
2021-06-21,8240,114.0,34.25,34.25,33.6,33.65,-41.0,0.0,12.0
2021-06-22,8240,128.0,33.85,33.85,33.4,33.45,-24.0,0.0,-40.0
2021-06-23,8240,112.0,33.5,34.15,33.5,33.95,52.0,0.0,3.0
2021-06-24,8240,199.0,34.1,34.95,33.95,34.7,83.0,0.0,-5.0
2021-06-25,8240,132.0,35.2,35.2,34.6,34.8,-14.0,0.0,-21.0
2021-06-28,8240,96.0,34.8,34.8,34.45,34.8,9.0,0.0,3.0
2021-06-29,8240,218.0,34.65,34.65,34.1,34.15,-49.0,0.0,3.0
2021-06-30,8240,650.0,34.5,34.8,34.45,34.65,-347.0,0.0,54.0
2021-07-01,8240,267.0,35.0,35.15,34.3,34.3,-36.0,0.0,-44.0
2021-07-02,8240,134.0,34.6,35.0,34.25,34.55,57.0,0.0,-35.0
2021-07-05,8240,304.0,34.6,35.7,34.25,35.25,102.0,0.0,-34.0
2021-07-06,8240,212.0,35.8,35.8,34.8,35.25,-3.0,0.0,-5.0
2021-07-07,8240,459.0,36.0,36.05,35.2,35.3,-78.0,0.0,43.0
2021-07-08,8240,283.0,35.8,36.05,35.35,35.5,89.0,0.0,4.0
2021-07-09,8240,201.0,35.15,35.95,35.15,35.75,73.0,0.0,-10.0
2021-07-12,8240,276.0,35.9,36.3,35.6,35.8,-7.0,0.0,7.0
2021-07-13,8240,487.0,36.0,36.95,35.8,35.85,-60.0,0.0,-49.0
2021-07-14,8240,170.0,35.9,36.05,35.15,35.4,-60.0,0.0,-1.0
2021-07-15,8240,165.0,35.7,36.0,35.15,35.6,57.0,0.0,17.0
2021-07-16,8240,126.0,35.6,35.8,35.55,35.7,34.0,0.0,0.0
2021-07-19,8240,115.0,35.7,35.75,35.35,35.4,-17.0,0.0,21.0
2021-07-20,8240,224.0,35.1,35.35,34.4,34.4,-16.0,0.0,-68.0
2021-07-21,8240,239.0,34.5,34.85,33.55,33.75,-60.0,0.0,22.0
2021-07-22,8240,157.0,34.05,34.7,33.8,34.2,6.0,0.0,-6.0
2021-07-23,8240,97.0,34.2,34.8,34.2,34.75,8.0,0.0,3.0
2021-07-26,8240,468.0,34.95,36.25,34.95,35.9,49.0,0.0,24.0
2021-07-27,8240,181.0,36.4,36.4,35.6,35.6,-18.0,0.0,-2.0
2021-07-28,8240,267.0,35.05,35.35,34.0,34.65,-108.0,0.0,-9.0
2021-07-29,8240,80.0,34.85,35.3,34.1,35.25,-19.0,0.0,-2.0
2021-07-30,8240,123.0,35.25,35.25,34.5,34.6,-42.0,0.0,-11.0
2021-08-02,8240,53.0,35.15,35.15,34.45,34.95,-18.0,0.0,11.0
2021-08-03,8240,67.0,35.2,35.2,34.5,34.8,-6.0,0.0,-40.0
2021-08-04,8240,143.0,34.9,35.4,34.6,35.3,33.0,0.0,9.0
2021-08-05,8240,83.0,35.4,35.4,35.05,35.25,-2.0,0.0,-5.0
2021-08-06,8240,596.0,34.15,34.25,33.5,33.65,-150.0,0.0,0.0
2021-08-09,8240,92.0,33.6,33.95,33.2,33.5,-36.0,0.0,13.0
2021-08-10,8240,133.0,33.4,33.4,32.55,32.85,-47.0,0.0,1.0
2021-08-11,8240,184.0,32.6,32.6,32.0,32.2,-54.0,0.0,-17.0
2021-08-12,8240,90.0,32.2,32.45,32.05,32.25,25.0,0.0,1.0
2021-08-13,8240,197.0,32.85,32.85,31.6,31.6,-79.0,0.0,-34.0
2021-08-16,8240,407.0,31.6,31.6,30.0,30.55,-69.0,0.0,-50.0
2021-08-17,8240,131.0,30.55,30.8,30.1,30.45,-30.0,0.0,-8.0
2021-08-18,8240,113.0,30.4,31.7,30.25,31.6,14.0,0.0,22.0
2021-08-19,8240,81.0,31.5,31.5,30.45,30.75,-10.0,0.0,-5.0
2021-08-20,8240,231.0,30.9,31.05,30.45,31.0,-25.0,0.0,0.0
2021-08-23,8240,91.0,30.0,30.0,29.4,29.9,-14.0,0.0,7.0
2021-08-24,8240,75.0,30.85,30.85,29.45,29.7,-22.0,0.0,5.0
2021-08-25,8240,68.0,29.9,30.15,29.8,30.0,7.0,0.0,18.0
2021-08-26,8240,46.0,30.0,30.1,29.7,29.7,-11.0,0.0,1.0
2021-08-27,8240,52.0,30.0,30.45,29.8,30.45,5.0,0.0,14.0
2021-08-30,8240,28.0,30.5,30.6,30.2,30.6,-2.0,0.0,0.0
2021-08-31,8240,37.0,30.5,30.7,30.45,30.7,-2.0,0.0,-3.0
2021-09-01,8240,84.0,30.45,30.7,30.4,30.4,2.0,0.0,8.0
2021-09-02,8240,122.0,30.7,31.6,30.4,30.4,-2.0,0.0,19.0
2021-09-03,8240,77.0,30.85,30.85,30.4,30.55,5.0,0.0,1.0
2021-09-06,8240,133.0,30.6,30.6,29.8,30.0,-12.0,0.0,14.0
2021-09-07,8240,68.0,29.85,29.85,29.4,29.65,-9.0,0.0,0.0
2021-09-08,8240,81.0,29.65,29.65,28.9,28.9,-10.0,0.0,1.0
2021-09-09,8240,58.0,29.0,29.65,28.85,28.9,-1.0,0.0,0.0
2021-09-10,8240,20.0,28.95,29.35,28.95,29.3,1.0,0.0,-1.0
2021-09-13,8240,26.0,29.15,29.3,29.15,29.3,-2.0,0.0,1.0
2021-09-14,8240,12.0,29.05,29.4,29.05,29.2,-3.0,0.0,0.0
2021-09-15,8240,32.0,29.05,29.1,28.9,29.0,-7.0,0.0,10.0
2021-09-16,8240,29.0,29.05,29.45,29.05,29.3,-7.0,0.0,0.0
2021-09-17,8240,48.0,29.3,29.8,29.25,29.25,-16.28,0.0,-4.0
2021-09-22,8240,89.0,29.2,29.2,28.5,29.15,-10.0,0.0,-10.0
2021-09-23,8240,81.0,29.1,29.1,28.7,28.75,-4.0,0.0,-1.0
2021-09-24,8240,160.0,28.6,29.0,28.6,28.8,3.0,0.0,29.0
2021-09-27,8240,61.0,28.7,28.9,28.65,28.8,2.0,0.0,1.0
2021-09-28,8240,78.0,28.8,28.8,28.35,28.7,-9.0,0.0,1.0
2021-09-29,8240,117.0,28.3,28.35,27.85,27.95,-7.0,0.0,2.0
2021-09-30,8240,45.0,28.0,28.1,27.9,28.1,-4.0,0.0,0.0
2021-10-01,8240,113.0,27.9,28.0,26.8,26.95,-26.0,0.0,-12.0
2021-10-04,8240,104.0,26.7,26.7,26.2,26.35,-32.0,0.0,-3.0
2021-10-05,8240,93.0,25.9,26.5,25.5,26.45,2.0,0.0,1.0
2021-10-06,8240,37.0,26.5,26.7,26.05,26.15,-8.0,0.0,2.0
2021-10-07,8240,73.0,26.2,27.0,26.15,26.8,13.0,-16.0,18.0
2021-10-08,8240,109.0,27.85,27.9,26.85,26.95,-8.0,-15.0,15.0
2021-10-12,8240,17.0,26.8,27.0,26.8,26.9,-2.0,0.0,0.0
2021-10-13,8240,54.0,26.9,27.1,26.6,27.1,-11.0,0.0,13.0
2021-10-14,8240,52.0,27.0,27.5,26.95,27.1,-11.0,-6.0,0.0
2021-10-15,8240,24.0,27.1,27.35,27.1,27.3,-2.0,0.0,0.0
2021-10-18,8240,15.0,27.2,27.6,27.2,27.45,1.0,0.0,4.0
2021-10-19,8240,15.0,27.55,27.55,27.5,27.55,0.0,0.0,-1.0
2021-10-20,8240,14.0,27.4,27.55,27.4,27.5,-1.0,0.0,-2.0
2021-10-21,8240,66.0,27.6,27.6,27.25,27.35,0.0,0.0,8.0
2021-10-22,8240,20.0,27.25,27.35,27.25,27.35,0.0,0.0,10.0
2021-10-25,8240,38.0,27.4,27.5,27.3,27.5,-1.0,0.0,16.0
2021-10-26,8240,68.0,27.5,27.65,27.45,27.6,-1.0,0.0,20.0
2021-10-27,8240,36.0,27.6,27.8,27.6,27.8,-3.0,0.0,0.0
2021-10-28,8240,30.0,27.65,28.05,27.65,27.85,5.0,0.0,10.0
2021-10-29,8240,49.0,27.85,28.15,27.85,28.1,-1.0,0.0,31.0
2021-11-01,8240,103.0,28.2,28.45,28.15,28.45,4.0,0.0,30.0
2021-11-02,8240,82.0,28.45,28.65,28.15,28.25,-10.0,0.0,8.0
2021-11-03,8240,92.0,28.3,28.95,28.3,28.75,-4.0,0.0,-1.0
2021-11-04,8240,38.0,28.9,29.1,28.65,28.75,-1.0,0.0,11.0
2021-11-05,8240,43.0,28.75,29.05,28.7,28.9,-10.0,0.0,0.0
2021-11-08,8240,164.0,29.4,29.5,29.05,29.3,-7.0,0.0,31.0
2021-11-09,8240,76.0,29.35,29.65,29.3,29.65,-1.0,0.0,20.0
2021-11-10,8240,79.0,29.65,29.65,29.15,29.4,-14.0,0.0,3.0
2021-11-11,8240,80.0,29.4,29.4,29.0,29.1,-13.0,0.0,9.0
2021-11-12,8240,125.0,29.05,29.05,28.8,29.05,-12.0,0.0,-5.0
2021-11-15,8240,123.0,29.0,29.4,28.9,29.4,14.0,0.0,1.0
2021-11-16,8240,48.0,29.4,29.4,29.05,29.2,-6.0,0.0,16.0
2021-11-17,8240,135.0,29.25,30.1,29.25,29.9,-8.0,0.0,21.0
2021-11-18,8240,235.0,29.7,30.4,29.7,30.4,5.0,0.0,7.0
2021-11-19,8240,365.0,30.6,31.95,30.5,31.1,-11.0,0.0,56.0
2021-11-22,8240,191.0,31.3,32.0,31.0,31.4,-32.0,0.0,-13.0
2021-11-23,8240,103.0,31.35,31.6,31.2,31.45,1.0,0.0,-4.0
2021-11-24,8240,101.0,31.45,31.45,30.45,31.2,3.0,0.0,-16.0
2021-11-25,8240,102.0,31.3,31.4,31.0,31.35,0.0,0.0,-4.0
2021-11-26,8240,80.0,31.3,31.3,30.45,30.6,1.0,0.0,-3.0
2021-11-29,8240,136.0,29.6,30.0,29.3,30.0,50.0,0.0,5.0
2021-11-30,8240,99.0,30.0,30.85,29.8,30.5,3.0,0.0,3.0
2021-12-01,8240,122.0,29.8,30.3,29.75,30.3,-2.0,0.0,-3.0
2021-12-02,8240,30.0,30.0,30.0,29.4,29.95,-6.0,0.0,0.0
2021-12-03,8240,30.0,30.0,30.3,30.0,30.25,-1.0,0.0,0.0
2021-12-06,8240,56.0,30.2,30.65,29.95,30.6,4.0,0.0,-9.0
2021-12-07,8240,55.0,30.65,30.75,30.3,30.5,-1.0,0.0,5.0
2021-12-08,8240,101.0,30.7,30.75,30.25,30.5,-8.0,0.0,26.0
2021-12-09,8240,49.0,30.5,30.5,30.25,30.45,-1.0,0.0,4.0
2021-12-10,8240,38.0,30.45,30.45,29.75,30.45,-6.0,0.0,5.0
2021-12-13,8240,85.0,30.4,31.15,30.4,30.75,5.0,0.0,12.0
2021-12-14,8240,716.0,30.8,33.55,30.45,32.25,-27.0,0.0,88.0
2021-12-15,8240,973.0,32.85,33.5,31.9,32.6,-10.0,0.0,45.0
2021-12-16,8240,337.0,32.7,33.0,32.1,32.6,-1.0,0.0,-3.0
2021-12-17,8240,192.0,32.6,32.85,32.0,32.5,-9.0,0.0,11.0
2021-12-20,8240,249.0,32.1,33.05,32.05,32.4,21.0,0.0,14.0
2021-12-21,8240,90.0,32.8,32.8,32.1,32.45,-2.0,0.0,47.0
